-- MySQL dump 10.13  Distrib 8.0.34, for Win64 (x86_64)
--
-- Host: squirrel.ohgiraffers.com    Database: ketchup
-- ------------------------------------------------------
-- Server version	8.0.35

/*!40101 SET @OLD_CHARACTER_SET_CLIENT=@@CHARACTER_SET_CLIENT */;
/*!40101 SET @OLD_CHARACTER_SET_RESULTS=@@CHARACTER_SET_RESULTS */;
/*!40101 SET @OLD_COLLATION_CONNECTION=@@COLLATION_CONNECTION */;
/*!50503 SET NAMES utf8 */;
/*!40103 SET @OLD_TIME_ZONE=@@TIME_ZONE */;
/*!40103 SET TIME_ZONE='+00:00' */;
/*!40014 SET @OLD_UNIQUE_CHECKS=@@UNIQUE_CHECKS, UNIQUE_CHECKS=0 */;
/*!40014 SET @OLD_FOREIGN_KEY_CHECKS=@@FOREIGN_KEY_CHECKS, FOREIGN_KEY_CHECKS=0 */;
/*!40101 SET @OLD_SQL_MODE=@@SQL_MODE, SQL_MODE='NO_AUTO_VALUE_ON_ZERO' */;
/*!40111 SET @OLD_SQL_NOTES=@@SQL_NOTES, SQL_NOTES=0 */;

--
-- Table structure for table `tbl_appfile`
--

DROP TABLE IF EXISTS `tbl_appfile`;
/*!40101 SET @saved_cs_client     = @@character_set_client */;
/*!50503 SET character_set_client = utf8mb4 */;
CREATE TABLE `tbl_appfile` (
  `appfile_no` int NOT NULL AUTO_INCREMENT,
  `approval_no` int NOT NULL,
  `appfile_url` varchar(255) NOT NULL,
  PRIMARY KEY (`appfile_no`),
  KEY `FKh6yqprny0w9nu23o838myg4na` (`approval_no`),
  CONSTRAINT `FKh6yqprny0w9nu23o838myg4na` FOREIGN KEY (`approval_no`) REFERENCES `tbl_approval` (`approval_no`)
) ENGINE=InnoDB AUTO_INCREMENT=4 DEFAULT CHARSET=utf8mb4 COLLATE=utf8mb4_0900_ai_ci;
/*!40101 SET character_set_client = @saved_cs_client */;

--
-- Dumping data for table `tbl_appfile`
--

LOCK TABLES `tbl_appfile` WRITE;
/*!40000 ALTER TABLE `tbl_appfile` DISABLE KEYS */;
INSERT INTO `tbl_appfile` VALUES (1,2,'26a39b4e638e410ead76ffde10aa804b.png'),(2,11,'de6b733652ff4d7ca9ff4fec7212da3e.docx'),(3,13,'59ae5b71ba114ae284e8b616c7097837.hwp');
/*!40000 ALTER TABLE `tbl_appfile` ENABLE KEYS */;
UNLOCK TABLES;

--
-- Table structure for table `tbl_appline`
--

DROP TABLE IF EXISTS `tbl_appline`;
/*!40101 SET @saved_cs_client     = @@character_set_client */;
/*!50503 SET character_set_client = utf8mb4 */;
CREATE TABLE `tbl_appline` (
  `app_line_no` int NOT NULL AUTO_INCREMENT,
  `al_date` varchar(255) DEFAULT NULL,
  `al_sequence` int NOT NULL,
  `al_type` varchar(255) NOT NULL,
  `approval_no` int NOT NULL,
  `member_no` varchar(255) NOT NULL,
  PRIMARY KEY (`app_line_no`),
  KEY `FKluycgewhkm98pl5hnk23rir68` (`member_no`),
  KEY `FKsx97kmh1erj6m24s78v6aihpd` (`approval_no`),
  CONSTRAINT `FKluycgewhkm98pl5hnk23rir68` FOREIGN KEY (`member_no`) REFERENCES `tbl_member` (`member_no`),
  CONSTRAINT `FKsx97kmh1erj6m24s78v6aihpd` FOREIGN KEY (`approval_no`) REFERENCES `tbl_approval` (`approval_no`)
) ENGINE=InnoDB AUTO_INCREMENT=29 DEFAULT CHARSET=utf8mb4 COLLATE=utf8mb4_0900_ai_ci;
/*!40101 SET character_set_client = @saved_cs_client */;

--
-- Dumping data for table `tbl_appline`
--

LOCK TABLES `tbl_appline` WRITE;
/*!40000 ALTER TABLE `tbl_appline` DISABLE KEYS */;
INSERT INTO `tbl_appline` VALUES (1,'2024-05-28',1,'전결',1,'2'),(2,'2024-05-28',2,'일반',1,'2405953'),(3,NULL,1,'일반',2,'1'),(4,NULL,2,'일반',2,'3'),(5,NULL,3,'일반',2,'5'),(6,NULL,4,'일반',2,'2405953'),(7,'2024-05-28',1,'일반',3,'3'),(8,NULL,2,'일반',3,'2405953'),(9,'2024-05-30',1,'일반',4,'2405634'),(10,NULL,2,'일반',4,'2405953'),(11,'2024-05-30',1,'전결',5,'2405634'),(12,NULL,2,'일반',5,'2405953'),(13,'2024-05-30',1,'일반',6,'2405634'),(14,NULL,2,'일반',6,'2405953'),(15,'2024-05-30',1,'전결',7,'2405634'),(16,NULL,2,'일반',7,'2405953'),(17,'2024-05-30',1,'일반',8,'2405634'),(18,NULL,2,'일반',8,'2405953'),(19,NULL,1,'전결',9,'2405634'),(20,NULL,2,'일반',9,'2405953'),(21,'2024-05-30',1,'일반',10,'2405634'),(22,NULL,2,'일반',10,'2405953'),(23,'2024-05-30',1,'전결',11,'2405634'),(24,NULL,2,'일반',11,'2405953'),(25,'2024-05-31',1,'일반',12,'2405634'),(26,NULL,2,'일반',12,'2405953'),(27,'2024-05-31',1,'전결',13,'2405634'),(28,NULL,2,'일반',13,'2405953');
/*!40000 ALTER TABLE `tbl_appline` ENABLE KEYS */;
UNLOCK TABLES;

--
-- Table structure for table `tbl_approval`
--

DROP TABLE IF EXISTS `tbl_approval`;
/*!40101 SET @saved_cs_client     = @@character_set_client */;
/*!50503 SET character_set_client = utf8mb4 */;
CREATE TABLE `tbl_approval` (
  `approval_no` int NOT NULL,
  `app_contents` longtext NOT NULL,
  `app_date` varchar(255) NOT NULL,
  `app_final_date` varchar(255) DEFAULT NULL,
  `app_status` varchar(255) NOT NULL,
  `app_title` varchar(255) NOT NULL,
  `form_no` int NOT NULL,
  `member_no` varchar(255) DEFAULT NULL,
  `app_refusal` varchar(255) DEFAULT NULL,
  `app_sequence` int DEFAULT NULL,
  PRIMARY KEY (`approval_no`),
  KEY `FKoh6hjmpykjdso5wsdvs31egmp` (`form_no`),
  KEY `FKlbxjrmlocogeqq3ex2bn3hys1` (`member_no`),
  CONSTRAINT `FKlbxjrmlocogeqq3ex2bn3hys1` FOREIGN KEY (`member_no`) REFERENCES `tbl_member` (`member_no`),
  CONSTRAINT `FKoh6hjmpykjdso5wsdvs31egmp` FOREIGN KEY (`form_no`) REFERENCES `tbl_form` (`form_no`)
) ENGINE=InnoDB DEFAULT CHARSET=utf8mb4 COLLATE=utf8mb4_0900_ai_ci;
/*!40101 SET character_set_client = @saved_cs_client */;

--
-- Dumping data for table `tbl_approval`
--

LOCK TABLES `tbl_approval` WRITE;
/*!40000 ALTER TABLE `tbl_approval` DISABLE KEYS */;
INSERT INTO `tbl_approval` VALUES (1,'<h1 style=\"text-align: center;\">개인정보 수정 신청서</h1>\r\n<table style=\"border-collapse: collapse; width: 100%; border-width: 1px; border-color: #000000; height: 425px;\" border=\"1\"><colgroup><col style=\"width: 20;\"><col style=\"width: 40%;\"><col style=\"width: 40%;\"></colgroup>\r\n<tbody>\r\n<tr style=\"height: 45px;\">\r\n<td style=\"text-align: center; background-color: #f2f2f2; border-color: #000000;\">신청인</td>\r\n<td style=\"text-align: center; border-color: #000000;\" colspan=\"2\">최승욱</td>\r\n</tr>\r\n<tr style=\"height: 45px;\">\r\n<td style=\"text-align: center; background-color: #f2f2f2; border-color: #000000;\" rowspan=\"4\">수정 요청 사항</td>\r\n<td style=\"text-align: center; background-color: #f2f2f2; border-color: #000000;\">변경 전</td>\r\n<td style=\"text-align: center; background-color: #f2f2f2; border-color: #000000;\">변경 후</td>\r\n</tr>\r\n<tr style=\"height: 45px;\">\r\n<td style=\"text-align: center; border-color: #000000;\">계좌번호: 국민 ~~~~~</td>\r\n<td style=\"text-align: center; border-color: #000000;\">국민: 21040120420</td>\r\n</tr>\r\n<tr style=\"height: 45px;\">\r\n<td style=\"text-align: center; border-color: #000000;\">&nbsp;</td>\r\n<td style=\"text-align: center; border-color: #000000;\">&nbsp;</td>\r\n</tr>\r\n<tr style=\"height: 45px;\">\r\n<td style=\"text-align: center; border-color: #000000;\">&nbsp;</td>\r\n<td style=\"text-align: center; border-color: #000000;\">&nbsp;</td>\r\n</tr>\r\n<tr style=\"height: 200px;\">\r\n<td style=\"text-align: center; background-color: #f2f2f2; border-color: #000000;\">비고</td>\r\n<td style=\"text-align: center; border-color: #000000;\" colspan=\"2\">&nbsp;</td>\r\n</tr>\r\n</tbody>\r\n</table>\r\n<p>&nbsp;</p>','2024-05-28','2024-05-28','완료','개인정보 수정 신청',5,'4',NULL,2),(2,'<h1 style=\"text-align: center;\">휴가 신청서</h1>\r\n<table style=\"border-collapse: collapse; width: 100%; border-width: 1px; border-color: #000000; height: 615px;\" border=\"1\">\r\n<tbody>\r\n<tr style=\"height: 45px;\">\r\n<td style=\"text-align: center; border-color: #000000; background-color: #f2f2f2; width: 100%;\" colspan=\"3\">신청 내역</td>\r\n</tr>\r\n<tr style=\"height: 60px;\">\r\n<td style=\"text-align: center; border-color: #000000; background-color: #f2f2f2; width: 20%;\">휴가 구분</td>\r\n<td style=\"text-align: center; border-color: #000000; width: 80;\" colspan=\"2\"><span style=\"color: #000000;\">병가</span></td>\r\n</tr>\r\n<tr style=\"height: 45px;\">\r\n<td style=\"text-align: center; border-color: #000000; background-color: #f2f2f2; width: 20%;\" rowspan=\"2\">휴가 기간</td>\r\n<td style=\"text-align: center; border-color: #000000; width: 70;\">24년&nbsp; 5월&nbsp; 28일&nbsp; 00시</td>\r\n<td style=\"text-align: center; border-color: #000000; width: 10%;\" rowspan=\"2\">(3일간)</td>\r\n</tr>\r\n<tr style=\"height: 45px;\">\r\n<td style=\"text-align: center; border-color: #000000; width: 69.4305%;\">24년&nbsp; 6월&nbsp; 1일&nbsp; 00시</td>\r\n</tr>\r\n<tr style=\"height: 300px;\">\r\n<td style=\"text-align: center; border-color: #000000; background-color: #f2f2f2; width: 17.987%;\">휴가 사유</td>\r\n<td style=\"border-color: #000000; width: 82.013%;\" colspan=\"2\">수료가 무서워서 심장이너무 빨리뛰어요 병원가야할거같아요</td>\r\n</tr>\r\n<tr style=\"height: 120px;\">\r\n<td style=\"text-align: center; border-color: #000000; background-color: #f2f2f2; width: 17.987%;\">비고</td>\r\n<td style=\"border-color: #000000; text-align: left; width: 82.013%;\" colspan=\"2\">&nbsp;</td>\r\n</tr>\r\n</tbody>\r\n</table>\r\n<pre style=\"text-align: center;\"><br>상기와 같이 휴가를 신청하오니 검토 후 승인하여 주시기 바랍니다.<br><br><br><br><br></pre>','2024-05-28',NULL,'대기','휴가신청합니다',3,'2405406',NULL,1),(3,'<h1 style=\"text-align: center;\">휴가 신청서</h1>\r\n<table style=\"border-collapse: collapse; width: 100%; border-width: 1px; border-color: #000000; height: 615px;\" border=\"1\">\r\n<tbody>\r\n<tr style=\"height: 45px;\">\r\n<td style=\"text-align: center; border-color: #000000; background-color: #f2f2f2; width: 100%;\" colspan=\"3\">신청 내역</td>\r\n</tr>\r\n<tr style=\"height: 60px;\">\r\n<td style=\"text-align: center; border-color: #000000; background-color: #f2f2f2; width: 20%;\">휴가 구분</td>\r\n<td style=\"text-align: center; border-color: #000000; width: 80;\" colspan=\"2\"><span style=\"color: #000000;\">연차</span></td>\r\n</tr>\r\n<tr style=\"height: 45px;\">\r\n<td style=\"text-align: center; border-color: #000000; background-color: #f2f2f2; width: 20%;\" rowspan=\"2\">휴가 기간</td>\r\n<td style=\"text-align: center; border-color: #000000; width: 70;\">24년&nbsp; 5월&nbsp; 30일&nbsp; 00시</td>\r\n<td style=\"text-align: center; border-color: #000000; width: 10%;\" rowspan=\"2\">(1일간)</td>\r\n</tr>\r\n<tr style=\"height: 45px;\">\r\n<td style=\"text-align: center; border-color: #000000; width: 69.4305%;\">24년&nbsp; 5월&nbsp; 31일&nbsp; 00시</td>\r\n</tr>\r\n<tr style=\"height: 300px;\">\r\n<td style=\"text-align: center; border-color: #000000; background-color: #f2f2f2; width: 17.987%;\">휴가 사유</td>\r\n<td style=\"border-color: #000000; width: 82.013%;\" colspan=\"2\">가족 경조사</td>\r\n</tr>\r\n<tr style=\"height: 120px;\">\r\n<td style=\"text-align: center; border-color: #000000; background-color: #f2f2f2; width: 17.987%;\">비고</td>\r\n<td style=\"border-color: #000000; text-align: left; width: 82.013%;\" colspan=\"2\">&nbsp;</td>\r\n</tr>\r\n</tbody>\r\n</table>\r\n<pre style=\"text-align: center;\"><br>상기와 같이 휴가를 신청하오니 검토 후 승인하여 주시기 바랍니다.<br><br><br><br><br></pre>','2024-05-28','2024-05-28','반려','휴가신청합니다',3,'2','휴가사유 불가',1),(4,'<h1 style=\"text-align: center;\">지출 품의서</h1>\r\n<table style=\"border-collapse: collapse; width: 100%; border-width: 1px; border-color: #000000; height: 40px;\" border=\"1\"><colgroup><col style=\"width: 30%;\"><col style=\"width: 70%;\"></colgroup>\r\n<tbody>\r\n<tr style=\"height: 40px;\">\r\n<td style=\"border-color: #000000; text-align: center; background-color: #f2f2f2;\">금액</td>\r\n<td style=\"border-color: #000000;\">일금_오십만_ 원 정(₩500,000)</td>\r\n</tr>\r\n</tbody>\r\n</table>\r\n<p>&nbsp;</p>\r\n<table style=\"border-collapse: collapse; width: 100%; border-width: 1px; border-color: #000000;\" border=\"1\"><colgroup><col style=\"width: 10%;\"><col style=\"width: 35%;\"><col style=\"width: 20%;\"><col style=\"width: 20%;\"><col style=\"width: 15%;\"></colgroup>\r\n<tbody>\r\n<tr>\r\n<td style=\"border-color: #000000; text-align: center; background-color: #f2f2f2;\">순번</td>\r\n<td style=\"border-color: #000000; text-align: center; background-color: #f2f2f2;\">적요</td>\r\n<td style=\"border-color: #000000; text-align: center; background-color: #f2f2f2;\">금액</td>\r\n<td style=\"border-color: #000000; text-align: center; background-color: #f2f2f2;\">지급방법</td>\r\n<td style=\"border-color: #000000; text-align: center; background-color: #f2f2f2;\">취급예정일자</td>\r\n</tr>\r\n<tr>\r\n<td style=\"border-color: #000000; text-align: center;\">1</td>\r\n<td style=\"border-color: #000000; text-align: center;\">인텔리제이 결제</td>\r\n<td style=\"border-color: #000000; text-align: center;\">500,000</td>\r\n<td style=\"border-color: #000000; text-align: center;\">카드</td>\r\n<td style=\"border-color: #000000; text-align: center;\">2024.06.06</td>\r\n</tr>\r\n<tr>\r\n<td style=\"border-color: #000000; text-align: center;\">&nbsp;</td>\r\n<td style=\"border-color: #000000; text-align: center;\">&nbsp;</td>\r\n<td style=\"border-color: #000000; text-align: center;\">&nbsp;</td>\r\n<td style=\"border-color: #000000; text-align: center;\">&nbsp;</td>\r\n<td style=\"border-color: #000000; text-align: center;\">&nbsp;</td>\r\n</tr>\r\n<tr>\r\n<td style=\"border-color: #000000; text-align: center;\">&nbsp;</td>\r\n<td style=\"border-color: #000000; text-align: center;\">&nbsp;</td>\r\n<td style=\"border-color: #000000; text-align: center;\">&nbsp;</td>\r\n<td style=\"border-color: #000000; text-align: center;\">&nbsp;</td>\r\n<td style=\"border-color: #000000; text-align: center;\">&nbsp;</td>\r\n</tr>\r\n<tr>\r\n<td style=\"border-color: #000000; text-align: center;\">&nbsp;</td>\r\n<td style=\"border-color: #000000; text-align: center;\">&nbsp;</td>\r\n<td style=\"border-color: #000000; text-align: center;\">&nbsp;</td>\r\n<td style=\"border-color: #000000; text-align: center;\">&nbsp;</td>\r\n<td style=\"border-color: #000000; text-align: center;\">&nbsp;</td>\r\n</tr>\r\n<tr>\r\n<td style=\"border-color: #000000; text-align: center;\">&nbsp;</td>\r\n<td style=\"border-color: #000000; text-align: center;\">&nbsp;</td>\r\n<td style=\"border-color: #000000; text-align: center;\">&nbsp;</td>\r\n<td style=\"border-color: #000000; text-align: center;\">&nbsp;</td>\r\n<td style=\"border-color: #000000; text-align: center;\">&nbsp;</td>\r\n</tr>\r\n<tr>\r\n<td style=\"border-color: #000000; text-align: center;\">&nbsp;</td>\r\n<td style=\"border-color: #000000; text-align: center;\">&nbsp;</td>\r\n<td style=\"border-color: #000000; text-align: center;\">&nbsp;</td>\r\n<td style=\"border-color: #000000; text-align: center;\">&nbsp;</td>\r\n<td style=\"border-color: #000000; text-align: center;\">&nbsp;</td>\r\n</tr>\r\n<tr>\r\n<td style=\"border-color: #000000; text-align: center;\">&nbsp;</td>\r\n<td style=\"border-color: #000000; text-align: center;\">&nbsp;</td>\r\n<td style=\"border-color: #000000; text-align: center;\">&nbsp;</td>\r\n<td style=\"border-color: #000000; text-align: center;\">&nbsp;</td>\r\n<td style=\"border-color: #000000; text-align: center;\">&nbsp;</td>\r\n</tr>\r\n<tr>\r\n<td style=\"border-color: #000000; text-align: center;\">&nbsp;</td>\r\n<td style=\"border-color: #000000; text-align: center;\">&nbsp;</td>\r\n<td style=\"border-color: #000000; text-align: center;\">&nbsp;</td>\r\n<td style=\"border-color: #000000; text-align: center;\">&nbsp;</td>\r\n<td style=\"border-color: #000000; text-align: center;\">&nbsp;</td>\r\n</tr>\r\n<tr>\r\n<td style=\"border-color: #000000; text-align: center;\">&nbsp;</td>\r\n<td style=\"border-color: #000000; text-align: center;\">&nbsp;</td>\r\n<td style=\"border-color: #000000; text-align: center;\">&nbsp;</td>\r\n<td style=\"border-color: #000000; text-align: center;\">&nbsp;</td>\r\n<td style=\"border-color: #000000; text-align: center;\">&nbsp;</td>\r\n</tr>\r\n<tr>\r\n<td style=\"border-color: #000000; text-align: center;\">&nbsp;</td>\r\n<td style=\"border-color: #000000; text-align: center;\">&nbsp;</td>\r\n<td style=\"border-color: #000000; text-align: center;\">&nbsp;</td>\r\n<td style=\"border-color: #000000; text-align: center;\">&nbsp;</td>\r\n<td style=\"border-color: #000000; text-align: center;\">&nbsp;</td>\r\n</tr>\r\n<tr>\r\n<td style=\"border-color: #000000; text-align: center; background-color: #f2f2f2;\" colspan=\"2\">합계</td>\r\n<td style=\"border-color: #000000; text-align: center;\">500,000</td>\r\n<td style=\"border-color: #000000; text-align: center;\">&nbsp;</td>\r\n<td style=\"border-color: #000000; text-align: center;\">&nbsp;</td>\r\n</tr>\r\n<tr>\r\n<td style=\"border-color: #000000; text-align: center; background-color: #f2f2f2;\" colspan=\"5\">세부사항</td>\r\n</tr>\r\n<tr></tr>\r\n<tr style=\"height: 300px;\">\r\n<td style=\"border-color: #000000; text-align: left;\" colspan=\"5\">개발팀 인텔리제이 기간만료일입니다. 결제부탁드립니다.</td>\r\n</tr>\r\n</tbody>\r\n</table>\r\n<pre style=\"text-align: center;\"><br>상기금액을 지출하고자 하오니 검토 후 재가하여 주시기 바랍니다.<br><br><br></pre>','2024-05-30','2024-05-30','반려','개발팀 개발툴 결제 부탁드립니다.',4,'1','파일누락으로인한 반려, 첨부후 재상신 부탁드립니다./견적서 누락',1),(5,'<h1 style=\"text-align: center;\">지출 품의서</h1>\r\n<table style=\"border-collapse: collapse; width: 100%; border-width: 1px; border-color: #000000; height: 40px;\" border=\"1\"><colgroup><col style=\"width: 30%;\"><col style=\"width: 70%;\"></colgroup>\r\n<tbody>\r\n<tr style=\"height: 40px;\">\r\n<td style=\"border-color: #000000; text-align: center; background-color: #f2f2f2;\">금액</td>\r\n<td style=\"border-color: #000000;\">일금_오십만___ 원 정(₩__500,000__)</td>\r\n</tr>\r\n</tbody>\r\n</table>\r\n<p>&nbsp;</p>\r\n<table style=\"border-collapse: collapse; width: 100%; border-width: 1px; border-color: #000000; height: 733.875px;\" border=\"1\"><colgroup><col style=\"width: 10%;\"><col style=\"width: 35%;\"><col style=\"width: 20%;\"><col style=\"width: 20%;\"><col style=\"width: 15%;\"></colgroup>\r\n<tbody>\r\n<tr style=\"height: 33.375px;\">\r\n<td style=\"border-color: #000000; text-align: center; background-color: #f2f2f2;\">순번</td>\r\n<td style=\"border-color: #000000; text-align: center; background-color: #f2f2f2;\">적요</td>\r\n<td style=\"border-color: #000000; text-align: center; background-color: #f2f2f2;\">금액</td>\r\n<td style=\"border-color: #000000; text-align: center; background-color: #f2f2f2;\">지급방법</td>\r\n<td style=\"border-color: #000000; text-align: center; background-color: #f2f2f2;\">취급예정일자</td>\r\n</tr>\r\n<tr style=\"height: 33.375px;\">\r\n<td style=\"border-color: #000000; text-align: center;\">1</td>\r\n<td style=\"border-color: #000000; text-align: center;\">개발툴 결재</td>\r\n<td style=\"border-color: #000000; text-align: center;\">500,000</td>\r\n<td style=\"border-color: #000000; text-align: center;\">카드</td>\r\n<td style=\"border-color: #000000; text-align: center;\">2024.06.06</td>\r\n</tr>\r\n<tr style=\"height: 33.375px;\">\r\n<td style=\"border-color: #000000; text-align: center;\">&nbsp;</td>\r\n<td style=\"border-color: #000000; text-align: center;\">&nbsp;</td>\r\n<td style=\"border-color: #000000; text-align: center;\">&nbsp;</td>\r\n<td style=\"border-color: #000000; text-align: center;\">&nbsp;</td>\r\n<td style=\"border-color: #000000; text-align: center;\">&nbsp;</td>\r\n</tr>\r\n<tr style=\"height: 33.375px;\">\r\n<td style=\"border-color: #000000; text-align: center;\">&nbsp;</td>\r\n<td style=\"border-color: #000000; text-align: center;\">&nbsp;</td>\r\n<td style=\"border-color: #000000; text-align: center;\">&nbsp;</td>\r\n<td style=\"border-color: #000000; text-align: center;\">&nbsp;</td>\r\n<td style=\"border-color: #000000; text-align: center;\">&nbsp;</td>\r\n</tr>\r\n<tr style=\"height: 33.375px;\">\r\n<td style=\"border-color: #000000; text-align: center;\">&nbsp;</td>\r\n<td style=\"border-color: #000000; text-align: center;\">&nbsp;</td>\r\n<td style=\"border-color: #000000; text-align: center;\">&nbsp;</td>\r\n<td style=\"border-color: #000000; text-align: center;\">&nbsp;</td>\r\n<td style=\"border-color: #000000; text-align: center;\">&nbsp;</td>\r\n</tr>\r\n<tr style=\"height: 33.375px;\">\r\n<td style=\"border-color: #000000; text-align: center;\">&nbsp;</td>\r\n<td style=\"border-color: #000000; text-align: center;\">&nbsp;</td>\r\n<td style=\"border-color: #000000; text-align: center;\">&nbsp;</td>\r\n<td style=\"border-color: #000000; text-align: center;\">&nbsp;</td>\r\n<td style=\"border-color: #000000; text-align: center;\">&nbsp;</td>\r\n</tr>\r\n<tr style=\"height: 33.375px;\">\r\n<td style=\"border-color: #000000; text-align: center;\">&nbsp;</td>\r\n<td style=\"border-color: #000000; text-align: center;\">&nbsp;</td>\r\n<td style=\"border-color: #000000; text-align: center;\">&nbsp;</td>\r\n<td style=\"border-color: #000000; text-align: center;\">&nbsp;</td>\r\n<td style=\"border-color: #000000; text-align: center;\">&nbsp;</td>\r\n</tr>\r\n<tr style=\"height: 33.375px;\">\r\n<td style=\"border-color: #000000; text-align: center;\">&nbsp;</td>\r\n<td style=\"border-color: #000000; text-align: center;\">&nbsp;</td>\r\n<td style=\"border-color: #000000; text-align: center;\">&nbsp;</td>\r\n<td style=\"border-color: #000000; text-align: center;\">&nbsp;</td>\r\n<td style=\"border-color: #000000; text-align: center;\">&nbsp;</td>\r\n</tr>\r\n<tr style=\"height: 33.375px;\">\r\n<td style=\"border-color: #000000; text-align: center;\">&nbsp;</td>\r\n<td style=\"border-color: #000000; text-align: center;\">&nbsp;</td>\r\n<td style=\"border-color: #000000; text-align: center;\">&nbsp;</td>\r\n<td style=\"border-color: #000000; text-align: center;\">&nbsp;</td>\r\n<td style=\"border-color: #000000; text-align: center;\">&nbsp;</td>\r\n</tr>\r\n<tr style=\"height: 33.375px;\">\r\n<td style=\"border-color: #000000; text-align: center;\">&nbsp;</td>\r\n<td style=\"border-color: #000000; text-align: center;\">&nbsp;</td>\r\n<td style=\"border-color: #000000; text-align: center;\">&nbsp;</td>\r\n<td style=\"border-color: #000000; text-align: center;\">&nbsp;</td>\r\n<td style=\"border-color: #000000; text-align: center;\">&nbsp;</td>\r\n</tr>\r\n<tr style=\"height: 33.375px;\">\r\n<td style=\"border-color: #000000; text-align: center;\">&nbsp;</td>\r\n<td style=\"border-color: #000000; text-align: center;\">&nbsp;</td>\r\n<td style=\"border-color: #000000; text-align: center;\">&nbsp;</td>\r\n<td style=\"border-color: #000000; text-align: center;\">&nbsp;</td>\r\n<td style=\"border-color: #000000; text-align: center;\">&nbsp;</td>\r\n</tr>\r\n<tr style=\"height: 33.375px;\">\r\n<td style=\"border-color: #000000; text-align: center; background-color: #f2f2f2;\" colspan=\"2\">합계</td>\r\n<td style=\"border-color: #000000; text-align: center;\">500,000</td>\r\n<td style=\"border-color: #000000; text-align: center;\">&nbsp;</td>\r\n<td style=\"border-color: #000000; text-align: center;\">&nbsp;</td>\r\n</tr>\r\n<tr style=\"height: 33.375px;\">\r\n<td style=\"border-color: #000000; text-align: center; background-color: #f2f2f2;\" colspan=\"5\">세부사항</td>\r\n</tr>\r\n<tr style=\"height: 0px;\"></tr>\r\n<tr style=\"height: 300px;\">\r\n<td style=\"border-color: #000000; text-align: left;\" colspan=\"5\">&nbsp;</td>\r\n</tr>\r\n</tbody>\r\n</table>\r\n<pre style=\"text-align: center;\"><br>상기금액을 지출하고자 하오니 검토 후 재가하여 주시기 바랍니다.<br><br><br></pre>','2024-05-30','2024-05-30','완료','개발팀 개발툴 결제 부탁드립니다.',4,'1',NULL,1),(6,'<h1 style=\"text-align: center;\">지출 품의서</h1>\r\n<table style=\"border-collapse: collapse; width: 100%; border-width: 1px; border-color: #000000; height: 40px;\" border=\"1\"><colgroup><col style=\"width: 30%;\"><col style=\"width: 70%;\"></colgroup>\r\n<tbody>\r\n<tr style=\"height: 40px;\">\r\n<td style=\"border-color: #000000; text-align: center; background-color: #f2f2f2;\">금액</td>\r\n<td style=\"border-color: #000000;\">일금_오십만___ 원 정(₩_500,000___)</td>\r\n</tr>\r\n</tbody>\r\n</table>\r\n<p>&nbsp;</p>\r\n<table style=\"border-collapse: collapse; width: 100%; border-width: 1px; border-color: #000000;\" border=\"1\"><colgroup><col style=\"width: 10%;\"><col style=\"width: 35%;\"><col style=\"width: 20%;\"><col style=\"width: 20%;\"><col style=\"width: 15%;\"></colgroup>\r\n<tbody>\r\n<tr>\r\n<td style=\"border-color: #000000; text-align: center; background-color: #f2f2f2;\">순번</td>\r\n<td style=\"border-color: #000000; text-align: center; background-color: #f2f2f2;\">적요</td>\r\n<td style=\"border-color: #000000; text-align: center; background-color: #f2f2f2;\">금액</td>\r\n<td style=\"border-color: #000000; text-align: center; background-color: #f2f2f2;\">지급방법</td>\r\n<td style=\"border-color: #000000; text-align: center; background-color: #f2f2f2;\">취급예정일자</td>\r\n</tr>\r\n<tr>\r\n<td style=\"border-color: #000000; text-align: center;\">1</td>\r\n<td style=\"border-color: #000000; text-align: center;\">신입사원 맥북 구매</td>\r\n<td style=\"border-color: #000000; text-align: center;\">500,0000</td>\r\n<td style=\"border-color: #000000; text-align: center;\">카드</td>\r\n<td style=\"border-color: #000000; text-align: center;\">24.06.06</td>\r\n</tr>\r\n<tr>\r\n<td style=\"border-color: #000000; text-align: center;\">&nbsp;</td>\r\n<td style=\"border-color: #000000; text-align: center;\">&nbsp;</td>\r\n<td style=\"border-color: #000000; text-align: center;\">&nbsp;</td>\r\n<td style=\"border-color: #000000; text-align: center;\">&nbsp;</td>\r\n<td style=\"border-color: #000000; text-align: center;\">&nbsp;</td>\r\n</tr>\r\n<tr>\r\n<td style=\"border-color: #000000; text-align: center;\">&nbsp;</td>\r\n<td style=\"border-color: #000000; text-align: center;\">&nbsp;</td>\r\n<td style=\"border-color: #000000; text-align: center;\">&nbsp;</td>\r\n<td style=\"border-color: #000000; text-align: center;\">&nbsp;</td>\r\n<td style=\"border-color: #000000; text-align: center;\">&nbsp;</td>\r\n</tr>\r\n<tr>\r\n<td style=\"border-color: #000000; text-align: center;\">&nbsp;</td>\r\n<td style=\"border-color: #000000; text-align: center;\">&nbsp;</td>\r\n<td style=\"border-color: #000000; text-align: center;\">&nbsp;</td>\r\n<td style=\"border-color: #000000; text-align: center;\">&nbsp;</td>\r\n<td style=\"border-color: #000000; text-align: center;\">&nbsp;</td>\r\n</tr>\r\n<tr>\r\n<td style=\"border-color: #000000; text-align: center;\">&nbsp;</td>\r\n<td style=\"border-color: #000000; text-align: center;\">&nbsp;</td>\r\n<td style=\"border-color: #000000; text-align: center;\">&nbsp;</td>\r\n<td style=\"border-color: #000000; text-align: center;\">&nbsp;</td>\r\n<td style=\"border-color: #000000; text-align: center;\">&nbsp;</td>\r\n</tr>\r\n<tr>\r\n<td style=\"border-color: #000000; text-align: center;\">&nbsp;</td>\r\n<td style=\"border-color: #000000; text-align: center;\">&nbsp;</td>\r\n<td style=\"border-color: #000000; text-align: center;\">&nbsp;</td>\r\n<td style=\"border-color: #000000; text-align: center;\">&nbsp;</td>\r\n<td style=\"border-color: #000000; text-align: center;\">&nbsp;</td>\r\n</tr>\r\n<tr>\r\n<td style=\"border-color: #000000; text-align: center;\">&nbsp;</td>\r\n<td style=\"border-color: #000000; text-align: center;\">&nbsp;</td>\r\n<td style=\"border-color: #000000; text-align: center;\">&nbsp;</td>\r\n<td style=\"border-color: #000000; text-align: center;\">&nbsp;</td>\r\n<td style=\"border-color: #000000; text-align: center;\">&nbsp;</td>\r\n</tr>\r\n<tr>\r\n<td style=\"border-color: #000000; text-align: center;\">&nbsp;</td>\r\n<td style=\"border-color: #000000; text-align: center;\">&nbsp;</td>\r\n<td style=\"border-color: #000000; text-align: center;\">&nbsp;</td>\r\n<td style=\"border-color: #000000; text-align: center;\">&nbsp;</td>\r\n<td style=\"border-color: #000000; text-align: center;\">&nbsp;</td>\r\n</tr>\r\n<tr>\r\n<td style=\"border-color: #000000; text-align: center;\">&nbsp;</td>\r\n<td style=\"border-color: #000000; text-align: center;\">&nbsp;</td>\r\n<td style=\"border-color: #000000; text-align: center;\">&nbsp;</td>\r\n<td style=\"border-color: #000000; text-align: center;\">&nbsp;</td>\r\n<td style=\"border-color: #000000; text-align: center;\">&nbsp;</td>\r\n</tr>\r\n<tr>\r\n<td style=\"border-color: #000000; text-align: center;\">&nbsp;</td>\r\n<td style=\"border-color: #000000; text-align: center;\">&nbsp;</td>\r\n<td style=\"border-color: #000000; text-align: center;\">&nbsp;</td>\r\n<td style=\"border-color: #000000; text-align: center;\">&nbsp;</td>\r\n<td style=\"border-color: #000000; text-align: center;\">&nbsp;</td>\r\n</tr>\r\n<tr>\r\n<td style=\"border-color: #000000; text-align: center; background-color: #f2f2f2;\" colspan=\"2\">합계</td>\r\n<td style=\"border-color: #000000; text-align: center;\">500,000</td>\r\n<td style=\"border-color: #000000; text-align: center;\">&nbsp;</td>\r\n<td style=\"border-color: #000000; text-align: center;\">&nbsp;</td>\r\n</tr>\r\n<tr>\r\n<td style=\"border-color: #000000; text-align: center; background-color: #f2f2f2;\" colspan=\"5\">세부사항</td>\r\n</tr>\r\n<tr></tr>\r\n<tr style=\"height: 300px;\">\r\n<td style=\"border-color: #000000; text-align: left;\" colspan=\"5\">&nbsp;</td>\r\n</tr>\r\n</tbody>\r\n</table>\r\n<pre style=\"text-align: center;\"><br>상기금액을 지출하고자 하오니 검토 후 재가하여 주시기 바랍니다.<br><br><br></pre>','2024-05-30','2024-05-30','반려','신입사원 노트북 결제요청',4,'1','파일누락',1),(7,'<h1 style=\"text-align: center;\">지출 품의서</h1>\r\n<table style=\"border-collapse: collapse; width: 100%; border-width: 1px; border-color: #000000; height: 40px;\" border=\"1\"><colgroup><col style=\"width: 30%;\"><col style=\"width: 70%;\"></colgroup>\r\n<tbody>\r\n<tr style=\"height: 40px;\">\r\n<td style=\"border-color: #000000; text-align: center; background-color: #f2f2f2;\">금액</td>\r\n<td style=\"border-color: #000000;\">일금___오십만_ 원 정(₩____)</td>\r\n</tr>\r\n</tbody>\r\n</table>\r\n<p>&nbsp;</p>\r\n<table style=\"border-collapse: collapse; width: 100%; border-width: 1px; border-color: #000000;\" border=\"1\"><colgroup><col style=\"width: 10%;\"><col style=\"width: 35%;\"><col style=\"width: 20%;\"><col style=\"width: 20%;\"><col style=\"width: 15%;\"></colgroup>\r\n<tbody>\r\n<tr>\r\n<td style=\"border-color: #000000; text-align: center; background-color: #f2f2f2;\">순번</td>\r\n<td style=\"border-color: #000000; text-align: center; background-color: #f2f2f2;\">적요</td>\r\n<td style=\"border-color: #000000; text-align: center; background-color: #f2f2f2;\">금액</td>\r\n<td style=\"border-color: #000000; text-align: center; background-color: #f2f2f2;\">지급방법</td>\r\n<td style=\"border-color: #000000; text-align: center; background-color: #f2f2f2;\">취급예정일자</td>\r\n</tr>\r\n<tr>\r\n<td style=\"border-color: #000000; text-align: center;\">&nbsp;</td>\r\n<td style=\"border-color: #000000; text-align: center;\">&nbsp;</td>\r\n<td style=\"border-color: #000000; text-align: center;\">&nbsp;</td>\r\n<td style=\"border-color: #000000; text-align: center;\">&nbsp;</td>\r\n<td style=\"border-color: #000000; text-align: center;\">&nbsp;</td>\r\n</tr>\r\n<tr>\r\n<td style=\"border-color: #000000; text-align: center;\">&nbsp;</td>\r\n<td style=\"border-color: #000000; text-align: center;\">&nbsp;</td>\r\n<td style=\"border-color: #000000; text-align: center;\">&nbsp;</td>\r\n<td style=\"border-color: #000000; text-align: center;\">&nbsp;</td>\r\n<td style=\"border-color: #000000; text-align: center;\">&nbsp;</td>\r\n</tr>\r\n<tr>\r\n<td style=\"border-color: #000000; text-align: center;\">&nbsp;</td>\r\n<td style=\"border-color: #000000; text-align: center;\">&nbsp;</td>\r\n<td style=\"border-color: #000000; text-align: center;\">&nbsp;</td>\r\n<td style=\"border-color: #000000; text-align: center;\">&nbsp;</td>\r\n<td style=\"border-color: #000000; text-align: center;\">&nbsp;</td>\r\n</tr>\r\n<tr>\r\n<td style=\"border-color: #000000; text-align: center;\">&nbsp;</td>\r\n<td style=\"border-color: #000000; text-align: center;\">&nbsp;</td>\r\n<td style=\"border-color: #000000; text-align: center;\">&nbsp;</td>\r\n<td style=\"border-color: #000000; text-align: center;\">&nbsp;</td>\r\n<td style=\"border-color: #000000; text-align: center;\">&nbsp;</td>\r\n</tr>\r\n<tr>\r\n<td style=\"border-color: #000000; text-align: center;\">&nbsp;</td>\r\n<td style=\"border-color: #000000; text-align: center;\">&nbsp;</td>\r\n<td style=\"border-color: #000000; text-align: center;\">&nbsp;</td>\r\n<td style=\"border-color: #000000; text-align: center;\">&nbsp;</td>\r\n<td style=\"border-color: #000000; text-align: center;\">&nbsp;</td>\r\n</tr>\r\n<tr>\r\n<td style=\"border-color: #000000; text-align: center;\">&nbsp;</td>\r\n<td style=\"border-color: #000000; text-align: center;\">&nbsp;</td>\r\n<td style=\"border-color: #000000; text-align: center;\">&nbsp;</td>\r\n<td style=\"border-color: #000000; text-align: center;\">&nbsp;</td>\r\n<td style=\"border-color: #000000; text-align: center;\">&nbsp;</td>\r\n</tr>\r\n<tr>\r\n<td style=\"border-color: #000000; text-align: center;\">&nbsp;</td>\r\n<td style=\"border-color: #000000; text-align: center;\">&nbsp;</td>\r\n<td style=\"border-color: #000000; text-align: center;\">&nbsp;</td>\r\n<td style=\"border-color: #000000; text-align: center;\">&nbsp;</td>\r\n<td style=\"border-color: #000000; text-align: center;\">&nbsp;</td>\r\n</tr>\r\n<tr>\r\n<td style=\"border-color: #000000; text-align: center;\">&nbsp;</td>\r\n<td style=\"border-color: #000000; text-align: center;\">&nbsp;</td>\r\n<td style=\"border-color: #000000; text-align: center;\">&nbsp;</td>\r\n<td style=\"border-color: #000000; text-align: center;\">&nbsp;</td>\r\n<td style=\"border-color: #000000; text-align: center;\">&nbsp;</td>\r\n</tr>\r\n<tr>\r\n<td style=\"border-color: #000000; text-align: center;\">&nbsp;</td>\r\n<td style=\"border-color: #000000; text-align: center;\">&nbsp;</td>\r\n<td style=\"border-color: #000000; text-align: center;\">&nbsp;</td>\r\n<td style=\"border-color: #000000; text-align: center;\">&nbsp;</td>\r\n<td style=\"border-color: #000000; text-align: center;\">&nbsp;</td>\r\n</tr>\r\n<tr>\r\n<td style=\"border-color: #000000; text-align: center;\">&nbsp;</td>\r\n<td style=\"border-color: #000000; text-align: center;\">&nbsp;</td>\r\n<td style=\"border-color: #000000; text-align: center;\">&nbsp;</td>\r\n<td style=\"border-color: #000000; text-align: center;\">&nbsp;</td>\r\n<td style=\"border-color: #000000; text-align: center;\">&nbsp;</td>\r\n</tr>\r\n<tr>\r\n<td style=\"border-color: #000000; text-align: center; background-color: #f2f2f2;\" colspan=\"2\">합계</td>\r\n<td style=\"border-color: #000000; text-align: center;\">&nbsp;</td>\r\n<td style=\"border-color: #000000; text-align: center;\">&nbsp;</td>\r\n<td style=\"border-color: #000000; text-align: center;\">&nbsp;</td>\r\n</tr>\r\n<tr>\r\n<td style=\"border-color: #000000; text-align: center; background-color: #f2f2f2;\" colspan=\"5\">세부사항</td>\r\n</tr>\r\n<tr></tr>\r\n<tr style=\"height: 300px;\">\r\n<td style=\"border-color: #000000; text-align: left;\" colspan=\"5\">&nbsp;</td>\r\n</tr>\r\n</tbody>\r\n</table>\r\n<pre style=\"text-align: center;\"><br>상기금액을 지출하고자 하오니 검토 후 재가하여 주시기 바랍니다.<br><br><br></pre>','2024-05-30','2024-05-30','완료','개발팀 개발툴 결제 부탁드립니다.',4,'1',NULL,1),(8,'<h1 style=\"text-align: center;\">지출 품의서</h1>\r\n<table style=\"border-collapse: collapse; width: 100%; border-width: 1px; border-color: #000000; height: 40px;\" border=\"1\"><colgroup><col style=\"width: 30%;\"><col style=\"width: 70%;\"></colgroup>\r\n<tbody>\r\n<tr style=\"height: 40px;\">\r\n<td style=\"border-color: #000000; text-align: center; background-color: #f2f2f2;\">금액</td>\r\n<td style=\"border-color: #000000;\">일금____ 원 정(₩____)</td>\r\n</tr>\r\n</tbody>\r\n</table>\r\n<p>&nbsp;</p>\r\n<table style=\"border-collapse: collapse; width: 100%; border-width: 1px; border-color: #000000;\" border=\"1\"><colgroup><col style=\"width: 10%;\"><col style=\"width: 35%;\"><col style=\"width: 20%;\"><col style=\"width: 20%;\"><col style=\"width: 15%;\"></colgroup>\r\n<tbody>\r\n<tr>\r\n<td style=\"border-color: #000000; text-align: center; background-color: #f2f2f2;\">순번</td>\r\n<td style=\"border-color: #000000; text-align: center; background-color: #f2f2f2;\">적요</td>\r\n<td style=\"border-color: #000000; text-align: center; background-color: #f2f2f2;\">금액</td>\r\n<td style=\"border-color: #000000; text-align: center; background-color: #f2f2f2;\">지급방법</td>\r\n<td style=\"border-color: #000000; text-align: center; background-color: #f2f2f2;\">취급예정일자</td>\r\n</tr>\r\n<tr>\r\n<td style=\"border-color: #000000; text-align: center;\">&nbsp;</td>\r\n<td style=\"border-color: #000000; text-align: center;\">&nbsp;</td>\r\n<td style=\"border-color: #000000; text-align: center;\">&nbsp;</td>\r\n<td style=\"border-color: #000000; text-align: center;\">&nbsp;</td>\r\n<td style=\"border-color: #000000; text-align: center;\">&nbsp;</td>\r\n</tr>\r\n<tr>\r\n<td style=\"border-color: #000000; text-align: center;\">&nbsp;</td>\r\n<td style=\"border-color: #000000; text-align: center;\">&nbsp;</td>\r\n<td style=\"border-color: #000000; text-align: center;\">&nbsp;</td>\r\n<td style=\"border-color: #000000; text-align: center;\">&nbsp;</td>\r\n<td style=\"border-color: #000000; text-align: center;\">&nbsp;</td>\r\n</tr>\r\n<tr>\r\n<td style=\"border-color: #000000; text-align: center;\">&nbsp;</td>\r\n<td style=\"border-color: #000000; text-align: center;\">&nbsp;</td>\r\n<td style=\"border-color: #000000; text-align: center;\">&nbsp;</td>\r\n<td style=\"border-color: #000000; text-align: center;\">&nbsp;</td>\r\n<td style=\"border-color: #000000; text-align: center;\">&nbsp;</td>\r\n</tr>\r\n<tr>\r\n<td style=\"border-color: #000000; text-align: center;\">&nbsp;</td>\r\n<td style=\"border-color: #000000; text-align: center;\">&nbsp;</td>\r\n<td style=\"border-color: #000000; text-align: center;\">&nbsp;</td>\r\n<td style=\"border-color: #000000; text-align: center;\">&nbsp;</td>\r\n<td style=\"border-color: #000000; text-align: center;\">&nbsp;</td>\r\n</tr>\r\n<tr>\r\n<td style=\"border-color: #000000; text-align: center;\">&nbsp;</td>\r\n<td style=\"border-color: #000000; text-align: center;\">&nbsp;</td>\r\n<td style=\"border-color: #000000; text-align: center;\">&nbsp;</td>\r\n<td style=\"border-color: #000000; text-align: center;\">&nbsp;</td>\r\n<td style=\"border-color: #000000; text-align: center;\">&nbsp;</td>\r\n</tr>\r\n<tr>\r\n<td style=\"border-color: #000000; text-align: center;\">&nbsp;</td>\r\n<td style=\"border-color: #000000; text-align: center;\">&nbsp;</td>\r\n<td style=\"border-color: #000000; text-align: center;\">&nbsp;</td>\r\n<td style=\"border-color: #000000; text-align: center;\">&nbsp;</td>\r\n<td style=\"border-color: #000000; text-align: center;\">&nbsp;</td>\r\n</tr>\r\n<tr>\r\n<td style=\"border-color: #000000; text-align: center;\">&nbsp;</td>\r\n<td style=\"border-color: #000000; text-align: center;\">&nbsp;</td>\r\n<td style=\"border-color: #000000; text-align: center;\">&nbsp;</td>\r\n<td style=\"border-color: #000000; text-align: center;\">&nbsp;</td>\r\n<td style=\"border-color: #000000; text-align: center;\">&nbsp;</td>\r\n</tr>\r\n<tr>\r\n<td style=\"border-color: #000000; text-align: center;\">&nbsp;</td>\r\n<td style=\"border-color: #000000; text-align: center;\">&nbsp;</td>\r\n<td style=\"border-color: #000000; text-align: center;\">&nbsp;</td>\r\n<td style=\"border-color: #000000; text-align: center;\">&nbsp;</td>\r\n<td style=\"border-color: #000000; text-align: center;\">&nbsp;</td>\r\n</tr>\r\n<tr>\r\n<td style=\"border-color: #000000; text-align: center;\">&nbsp;</td>\r\n<td style=\"border-color: #000000; text-align: center;\">&nbsp;</td>\r\n<td style=\"border-color: #000000; text-align: center;\">&nbsp;</td>\r\n<td style=\"border-color: #000000; text-align: center;\">&nbsp;</td>\r\n<td style=\"border-color: #000000; text-align: center;\">&nbsp;</td>\r\n</tr>\r\n<tr>\r\n<td style=\"border-color: #000000; text-align: center;\">&nbsp;</td>\r\n<td style=\"border-color: #000000; text-align: center;\">&nbsp;</td>\r\n<td style=\"border-color: #000000; text-align: center;\">&nbsp;</td>\r\n<td style=\"border-color: #000000; text-align: center;\">&nbsp;</td>\r\n<td style=\"border-color: #000000; text-align: center;\">&nbsp;</td>\r\n</tr>\r\n<tr>\r\n<td style=\"border-color: #000000; text-align: center; background-color: #f2f2f2;\" colspan=\"2\">합계</td>\r\n<td style=\"border-color: #000000; text-align: center;\">&nbsp;</td>\r\n<td style=\"border-color: #000000; text-align: center;\">&nbsp;</td>\r\n<td style=\"border-color: #000000; text-align: center;\">&nbsp;</td>\r\n</tr>\r\n<tr>\r\n<td style=\"border-color: #000000; text-align: center; background-color: #f2f2f2;\" colspan=\"5\">세부사항</td>\r\n</tr>\r\n<tr></tr>\r\n<tr style=\"height: 300px;\">\r\n<td style=\"border-color: #000000; text-align: left;\" colspan=\"5\">&nbsp;</td>\r\n</tr>\r\n</tbody>\r\n</table>\r\n<pre style=\"text-align: center;\"><br>상기금액을 지출하고자 하오니 검토 후 재가하여 주시기 바랍니다.<br><br><br></pre>','2024-05-30','2024-05-30','반려','개발팀 개발툴 결제 부탁드립니다.',4,'1','파일 누락 추가후 재상신',1),(9,'<h1 style=\"text-align: center;\">지출 품의서</h1>\r\n<table style=\"border-collapse: collapse; width: 100%; border-width: 1px; border-color: #000000; height: 40px;\" border=\"1\"><colgroup><col style=\"width: 30%;\"><col style=\"width: 70%;\"></colgroup>\r\n<tbody>\r\n<tr style=\"height: 40px;\">\r\n<td style=\"border-color: #000000; text-align: center; background-color: #f2f2f2;\">금액</td>\r\n<td style=\"border-color: #000000;\">일금____ 원 정(₩____)</td>\r\n</tr>\r\n</tbody>\r\n</table>\r\n<p>&nbsp;</p>\r\n<table style=\"border-collapse: collapse; width: 100%; border-width: 1px; border-color: #000000;\" border=\"1\"><colgroup><col style=\"width: 10%;\"><col style=\"width: 35%;\"><col style=\"width: 20%;\"><col style=\"width: 20%;\"><col style=\"width: 15%;\"></colgroup>\r\n<tbody>\r\n<tr>\r\n<td style=\"border-color: #000000; text-align: center; background-color: #f2f2f2;\">순번</td>\r\n<td style=\"border-color: #000000; text-align: center; background-color: #f2f2f2;\">적요</td>\r\n<td style=\"border-color: #000000; text-align: center; background-color: #f2f2f2;\">금액</td>\r\n<td style=\"border-color: #000000; text-align: center; background-color: #f2f2f2;\">지급방법</td>\r\n<td style=\"border-color: #000000; text-align: center; background-color: #f2f2f2;\">취급예정일자</td>\r\n</tr>\r\n<tr>\r\n<td style=\"border-color: #000000; text-align: center;\">&nbsp;</td>\r\n<td style=\"border-color: #000000; text-align: center;\">&nbsp;</td>\r\n<td style=\"border-color: #000000; text-align: center;\">&nbsp;</td>\r\n<td style=\"border-color: #000000; text-align: center;\">&nbsp;</td>\r\n<td style=\"border-color: #000000; text-align: center;\">&nbsp;</td>\r\n</tr>\r\n<tr>\r\n<td style=\"border-color: #000000; text-align: center;\">&nbsp;</td>\r\n<td style=\"border-color: #000000; text-align: center;\">&nbsp;</td>\r\n<td style=\"border-color: #000000; text-align: center;\">&nbsp;</td>\r\n<td style=\"border-color: #000000; text-align: center;\">&nbsp;</td>\r\n<td style=\"border-color: #000000; text-align: center;\">&nbsp;</td>\r\n</tr>\r\n<tr>\r\n<td style=\"border-color: #000000; text-align: center;\">&nbsp;</td>\r\n<td style=\"border-color: #000000; text-align: center;\">&nbsp;</td>\r\n<td style=\"border-color: #000000; text-align: center;\">&nbsp;</td>\r\n<td style=\"border-color: #000000; text-align: center;\">&nbsp;</td>\r\n<td style=\"border-color: #000000; text-align: center;\">&nbsp;</td>\r\n</tr>\r\n<tr>\r\n<td style=\"border-color: #000000; text-align: center;\">&nbsp;</td>\r\n<td style=\"border-color: #000000; text-align: center;\">&nbsp;</td>\r\n<td style=\"border-color: #000000; text-align: center;\">&nbsp;</td>\r\n<td style=\"border-color: #000000; text-align: center;\">&nbsp;</td>\r\n<td style=\"border-color: #000000; text-align: center;\">&nbsp;</td>\r\n</tr>\r\n<tr>\r\n<td style=\"border-color: #000000; text-align: center;\">&nbsp;</td>\r\n<td style=\"border-color: #000000; text-align: center;\">&nbsp;</td>\r\n<td style=\"border-color: #000000; text-align: center;\">&nbsp;</td>\r\n<td style=\"border-color: #000000; text-align: center;\">&nbsp;</td>\r\n<td style=\"border-color: #000000; text-align: center;\">&nbsp;</td>\r\n</tr>\r\n<tr>\r\n<td style=\"border-color: #000000; text-align: center;\">&nbsp;</td>\r\n<td style=\"border-color: #000000; text-align: center;\">&nbsp;</td>\r\n<td style=\"border-color: #000000; text-align: center;\">&nbsp;</td>\r\n<td style=\"border-color: #000000; text-align: center;\">&nbsp;</td>\r\n<td style=\"border-color: #000000; text-align: center;\">&nbsp;</td>\r\n</tr>\r\n<tr>\r\n<td style=\"border-color: #000000; text-align: center;\">&nbsp;</td>\r\n<td style=\"border-color: #000000; text-align: center;\">&nbsp;</td>\r\n<td style=\"border-color: #000000; text-align: center;\">&nbsp;</td>\r\n<td style=\"border-color: #000000; text-align: center;\">&nbsp;</td>\r\n<td style=\"border-color: #000000; text-align: center;\">&nbsp;</td>\r\n</tr>\r\n<tr>\r\n<td style=\"border-color: #000000; text-align: center;\">&nbsp;</td>\r\n<td style=\"border-color: #000000; text-align: center;\">&nbsp;</td>\r\n<td style=\"border-color: #000000; text-align: center;\">&nbsp;</td>\r\n<td style=\"border-color: #000000; text-align: center;\">&nbsp;</td>\r\n<td style=\"border-color: #000000; text-align: center;\">&nbsp;</td>\r\n</tr>\r\n<tr>\r\n<td style=\"border-color: #000000; text-align: center;\">&nbsp;</td>\r\n<td style=\"border-color: #000000; text-align: center;\">&nbsp;</td>\r\n<td style=\"border-color: #000000; text-align: center;\">&nbsp;</td>\r\n<td style=\"border-color: #000000; text-align: center;\">&nbsp;</td>\r\n<td style=\"border-color: #000000; text-align: center;\">&nbsp;</td>\r\n</tr>\r\n<tr>\r\n<td style=\"border-color: #000000; text-align: center;\">&nbsp;</td>\r\n<td style=\"border-color: #000000; text-align: center;\">&nbsp;</td>\r\n<td style=\"border-color: #000000; text-align: center;\">&nbsp;</td>\r\n<td style=\"border-color: #000000; text-align: center;\">&nbsp;</td>\r\n<td style=\"border-color: #000000; text-align: center;\">&nbsp;</td>\r\n</tr>\r\n<tr>\r\n<td style=\"border-color: #000000; text-align: center; background-color: #f2f2f2;\" colspan=\"2\">합계</td>\r\n<td style=\"border-color: #000000; text-align: center;\">&nbsp;</td>\r\n<td style=\"border-color: #000000; text-align: center;\">&nbsp;</td>\r\n<td style=\"border-color: #000000; text-align: center;\">&nbsp;</td>\r\n</tr>\r\n<tr>\r\n<td style=\"border-color: #000000; text-align: center; background-color: #f2f2f2;\" colspan=\"5\">세부사항</td>\r\n</tr>\r\n<tr></tr>\r\n<tr style=\"height: 300px;\">\r\n<td style=\"border-color: #000000; text-align: left;\" colspan=\"5\">&nbsp;</td>\r\n</tr>\r\n</tbody>\r\n</table>\r\n<pre style=\"text-align: center;\"><br>상기금액을 지출하고자 하오니 검토 후 재가하여 주시기 바랍니다.<br><br><br></pre>','2024-05-30',NULL,'대기','ㅁㄴㅇㄻㅇㄴㄹ',4,'1',NULL,1),(10,'<h1 style=\"text-align: center;\">지출 품의서</h1>\r\n<table style=\"border-collapse: collapse; width: 100%; border-width: 1px; border-color: #000000; height: 40px;\" border=\"1\"><colgroup><col style=\"width: 30%;\"><col style=\"width: 70%;\"></colgroup>\r\n<tbody>\r\n<tr style=\"height: 40px;\">\r\n<td style=\"border-color: #000000; text-align: center; background-color: #f2f2f2;\">금액</td>\r\n<td style=\"border-color: #000000;\">일금__ㅁㄴㄻㄹㅁㄴㅇㄹ__ 원 정(₩____)</td>\r\n</tr>\r\n</tbody>\r\n</table>\r\n<p>&nbsp;</p>\r\n<table style=\"border-collapse: collapse; width: 100%; border-width: 1px; border-color: #000000; height: 733.078px;\" border=\"1\"><colgroup><col style=\"width: 10%;\"><col style=\"width: 35%;\"><col style=\"width: 20%;\"><col style=\"width: 20%;\"><col style=\"width: 15%;\"></colgroup>\r\n<tbody>\r\n<tr style=\"height: 32.3906px;\">\r\n<td style=\"border-color: #000000; text-align: center; background-color: #f2f2f2;\">순번</td>\r\n<td style=\"border-color: #000000; text-align: center; background-color: #f2f2f2;\">적요</td>\r\n<td style=\"border-color: #000000; text-align: center; background-color: #f2f2f2;\">금액</td>\r\n<td style=\"border-color: #000000; text-align: center; background-color: #f2f2f2;\">지급방법</td>\r\n<td style=\"border-color: #000000; text-align: center; background-color: #f2f2f2;\">취급예정일자</td>\r\n</tr>\r\n<tr style=\"height: 33.3906px;\">\r\n<td style=\"border-color: #000000; text-align: center;\">ㅁㄴㅇㄹ</td>\r\n<td style=\"border-color: #000000; text-align: center;\">ㅁㄴㅇㄹ</td>\r\n<td style=\"border-color: #000000; text-align: center;\">&nbsp;</td>\r\n<td style=\"border-color: #000000; text-align: center;\">&nbsp;</td>\r\n<td style=\"border-color: #000000; text-align: center;\">&nbsp;</td>\r\n</tr>\r\n<tr style=\"height: 33.3906px;\">\r\n<td style=\"border-color: #000000; text-align: center;\">&nbsp;</td>\r\n<td style=\"border-color: #000000; text-align: center;\">&nbsp;</td>\r\n<td style=\"border-color: #000000; text-align: center;\">&nbsp;</td>\r\n<td style=\"border-color: #000000; text-align: center;\">&nbsp;</td>\r\n<td style=\"border-color: #000000; text-align: center;\">&nbsp;</td>\r\n</tr>\r\n<tr style=\"height: 33.3906px;\">\r\n<td style=\"border-color: #000000; text-align: center;\">&nbsp;</td>\r\n<td style=\"border-color: #000000; text-align: center;\">&nbsp;</td>\r\n<td style=\"border-color: #000000; text-align: center;\">&nbsp;</td>\r\n<td style=\"border-color: #000000; text-align: center;\">&nbsp;</td>\r\n<td style=\"border-color: #000000; text-align: center;\">&nbsp;</td>\r\n</tr>\r\n<tr style=\"height: 33.3906px;\">\r\n<td style=\"border-color: #000000; text-align: center;\">&nbsp;</td>\r\n<td style=\"border-color: #000000; text-align: center;\">&nbsp;</td>\r\n<td style=\"border-color: #000000; text-align: center;\">&nbsp;</td>\r\n<td style=\"border-color: #000000; text-align: center;\">&nbsp;</td>\r\n<td style=\"border-color: #000000; text-align: center;\">&nbsp;</td>\r\n</tr>\r\n<tr style=\"height: 33.3906px;\">\r\n<td style=\"border-color: #000000; text-align: center;\">&nbsp;</td>\r\n<td style=\"border-color: #000000; text-align: center;\">&nbsp;</td>\r\n<td style=\"border-color: #000000; text-align: center;\">&nbsp;</td>\r\n<td style=\"border-color: #000000; text-align: center;\">&nbsp;</td>\r\n<td style=\"border-color: #000000; text-align: center;\">&nbsp;</td>\r\n</tr>\r\n<tr style=\"height: 33.3906px;\">\r\n<td style=\"border-color: #000000; text-align: center;\">&nbsp;</td>\r\n<td style=\"border-color: #000000; text-align: center;\">&nbsp;</td>\r\n<td style=\"border-color: #000000; text-align: center;\">&nbsp;</td>\r\n<td style=\"border-color: #000000; text-align: center;\">&nbsp;</td>\r\n<td style=\"border-color: #000000; text-align: center;\">&nbsp;</td>\r\n</tr>\r\n<tr style=\"height: 33.3906px;\">\r\n<td style=\"border-color: #000000; text-align: center;\">&nbsp;</td>\r\n<td style=\"border-color: #000000; text-align: center;\">&nbsp;</td>\r\n<td style=\"border-color: #000000; text-align: center;\">&nbsp;</td>\r\n<td style=\"border-color: #000000; text-align: center;\">&nbsp;</td>\r\n<td style=\"border-color: #000000; text-align: center;\">&nbsp;</td>\r\n</tr>\r\n<tr style=\"height: 33.3906px;\">\r\n<td style=\"border-color: #000000; text-align: center;\">&nbsp;</td>\r\n<td style=\"border-color: #000000; text-align: center;\">&nbsp;</td>\r\n<td style=\"border-color: #000000; text-align: center;\">&nbsp;</td>\r\n<td style=\"border-color: #000000; text-align: center;\">&nbsp;</td>\r\n<td style=\"border-color: #000000; text-align: center;\">&nbsp;</td>\r\n</tr>\r\n<tr style=\"height: 33.3906px;\">\r\n<td style=\"border-color: #000000; text-align: center;\">&nbsp;</td>\r\n<td style=\"border-color: #000000; text-align: center;\">&nbsp;</td>\r\n<td style=\"border-color: #000000; text-align: center;\">&nbsp;</td>\r\n<td style=\"border-color: #000000; text-align: center;\">&nbsp;</td>\r\n<td style=\"border-color: #000000; text-align: center;\">&nbsp;</td>\r\n</tr>\r\n<tr style=\"height: 33.3906px;\">\r\n<td style=\"border-color: #000000; text-align: center;\">&nbsp;</td>\r\n<td style=\"border-color: #000000; text-align: center;\">&nbsp;</td>\r\n<td style=\"border-color: #000000; text-align: center;\">&nbsp;</td>\r\n<td style=\"border-color: #000000; text-align: center;\">&nbsp;</td>\r\n<td style=\"border-color: #000000; text-align: center;\">&nbsp;</td>\r\n</tr>\r\n<tr style=\"height: 33.3906px;\">\r\n<td style=\"border-color: #000000; text-align: center; background-color: #f2f2f2;\" colspan=\"2\">합계</td>\r\n<td style=\"border-color: #000000; text-align: center;\">ㅁㄴㅇㄹ</td>\r\n<td style=\"border-color: #000000; text-align: center;\">ㅁㅇㄴㄹ</td>\r\n<td style=\"border-color: #000000; text-align: center;\">ㅁㅇㄴㄹ</td>\r\n</tr>\r\n<tr style=\"height: 33.3906px;\">\r\n<td style=\"border-color: #000000; text-align: center; background-color: #f2f2f2;\" colspan=\"5\">세부사항</td>\r\n</tr>\r\n<tr style=\"height: 0px;\"></tr>\r\n<tr style=\"height: 300px;\">\r\n<td style=\"border-color: #000000; text-align: left;\" colspan=\"5\">ㅁㅇㄴㄻㄴㅇㄹ</td>\r\n</tr>\r\n</tbody>\r\n</table>\r\n<pre style=\"text-align: center;\"><br>상기금액을 지출하고자 하오니 검토 후 재가하여 주시기 바랍니다.<br><br><br></pre>','2024-05-30','2024-05-30','반려','개발팀 노트북 구매의 건',4,'1','파일 첨부 후 재상신',1),(11,'<h1 style=\"text-align: center;\">지출 품의서</h1>\r\n<table style=\"border-collapse: collapse; width: 100%; border-width: 1px; border-color: #000000; height: 40px;\" border=\"1\"><colgroup><col style=\"width: 30%;\"><col style=\"width: 70%;\"></colgroup>\r\n<tbody>\r\n<tr style=\"height: 40px;\">\r\n<td style=\"border-color: #000000; text-align: center; background-color: #f2f2f2;\">금액</td>\r\n<td style=\"border-color: #000000;\">일금_ㅁㄶㅇ___ 원 정(₩____)</td>\r\n</tr>\r\n</tbody>\r\n</table>\r\n<p>&nbsp;</p>\r\n<table style=\"border-collapse: collapse; width: 100%; border-width: 1px; border-color: #000000; height: 734.078px;\" border=\"1\"><colgroup><col style=\"width: 10%;\"><col style=\"width: 35%;\"><col style=\"width: 20%;\"><col style=\"width: 20%;\"><col style=\"width: 15%;\"></colgroup>\r\n<tbody>\r\n<tr style=\"height: 33.3906px;\">\r\n<td style=\"border-color: #000000; text-align: center; background-color: #f2f2f2;\">순번</td>\r\n<td style=\"border-color: #000000; text-align: center; background-color: #f2f2f2;\">적요</td>\r\n<td style=\"border-color: #000000; text-align: center; background-color: #f2f2f2;\">금액</td>\r\n<td style=\"border-color: #000000; text-align: center; background-color: #f2f2f2;\">지급방법</td>\r\n<td style=\"border-color: #000000; text-align: center; background-color: #f2f2f2;\">취급예정일자</td>\r\n</tr>\r\n<tr style=\"height: 33.3906px;\">\r\n<td style=\"border-color: #000000; text-align: center;\">ㄷㄱ</td>\r\n<td style=\"border-color: #000000; text-align: center;\">ㅋㄿㄿ</td>\r\n<td style=\"border-color: #000000; text-align: center;\">ㅍㅍㅍ</td>\r\n<td style=\"border-color: #000000; text-align: center;\">ㅍㅍㅍ</td>\r\n<td style=\"border-color: #000000; text-align: center;\">ㅍ</td>\r\n</tr>\r\n<tr style=\"height: 33.3906px;\">\r\n<td style=\"border-color: #000000; text-align: center;\">&nbsp;</td>\r\n<td style=\"border-color: #000000; text-align: center;\">&nbsp;</td>\r\n<td style=\"border-color: #000000; text-align: center;\">&nbsp;</td>\r\n<td style=\"border-color: #000000; text-align: center;\">&nbsp;</td>\r\n<td style=\"border-color: #000000; text-align: center;\">&nbsp;</td>\r\n</tr>\r\n<tr style=\"height: 33.3906px;\">\r\n<td style=\"border-color: #000000; text-align: center;\">&nbsp;</td>\r\n<td style=\"border-color: #000000; text-align: center;\">&nbsp;</td>\r\n<td style=\"border-color: #000000; text-align: center;\">&nbsp;</td>\r\n<td style=\"border-color: #000000; text-align: center;\">&nbsp;</td>\r\n<td style=\"border-color: #000000; text-align: center;\">&nbsp;</td>\r\n</tr>\r\n<tr style=\"height: 33.3906px;\">\r\n<td style=\"border-color: #000000; text-align: center;\">&nbsp;</td>\r\n<td style=\"border-color: #000000; text-align: center;\">&nbsp;</td>\r\n<td style=\"border-color: #000000; text-align: center;\">&nbsp;</td>\r\n<td style=\"border-color: #000000; text-align: center;\">&nbsp;</td>\r\n<td style=\"border-color: #000000; text-align: center;\">&nbsp;</td>\r\n</tr>\r\n<tr style=\"height: 33.3906px;\">\r\n<td style=\"border-color: #000000; text-align: center;\">&nbsp;</td>\r\n<td style=\"border-color: #000000; text-align: center;\">&nbsp;</td>\r\n<td style=\"border-color: #000000; text-align: center;\">&nbsp;</td>\r\n<td style=\"border-color: #000000; text-align: center;\">&nbsp;</td>\r\n<td style=\"border-color: #000000; text-align: center;\">&nbsp;</td>\r\n</tr>\r\n<tr style=\"height: 33.3906px;\">\r\n<td style=\"border-color: #000000; text-align: center;\">&nbsp;</td>\r\n<td style=\"border-color: #000000; text-align: center;\">&nbsp;</td>\r\n<td style=\"border-color: #000000; text-align: center;\">&nbsp;</td>\r\n<td style=\"border-color: #000000; text-align: center;\">&nbsp;</td>\r\n<td style=\"border-color: #000000; text-align: center;\">&nbsp;</td>\r\n</tr>\r\n<tr style=\"height: 33.3906px;\">\r\n<td style=\"border-color: #000000; text-align: center;\">&nbsp;</td>\r\n<td style=\"border-color: #000000; text-align: center;\">&nbsp;</td>\r\n<td style=\"border-color: #000000; text-align: center;\">&nbsp;</td>\r\n<td style=\"border-color: #000000; text-align: center;\">&nbsp;</td>\r\n<td style=\"border-color: #000000; text-align: center;\">&nbsp;</td>\r\n</tr>\r\n<tr style=\"height: 33.3906px;\">\r\n<td style=\"border-color: #000000; text-align: center;\">&nbsp;</td>\r\n<td style=\"border-color: #000000; text-align: center;\">&nbsp;</td>\r\n<td style=\"border-color: #000000; text-align: center;\">&nbsp;</td>\r\n<td style=\"border-color: #000000; text-align: center;\">&nbsp;</td>\r\n<td style=\"border-color: #000000; text-align: center;\">&nbsp;</td>\r\n</tr>\r\n<tr style=\"height: 33.3906px;\">\r\n<td style=\"border-color: #000000; text-align: center;\">&nbsp;</td>\r\n<td style=\"border-color: #000000; text-align: center;\">&nbsp;</td>\r\n<td style=\"border-color: #000000; text-align: center;\">&nbsp;</td>\r\n<td style=\"border-color: #000000; text-align: center;\">&nbsp;</td>\r\n<td style=\"border-color: #000000; text-align: center;\">&nbsp;</td>\r\n</tr>\r\n<tr style=\"height: 33.3906px;\">\r\n<td style=\"border-color: #000000; text-align: center;\">&nbsp;</td>\r\n<td style=\"border-color: #000000; text-align: center;\">&nbsp;</td>\r\n<td style=\"border-color: #000000; text-align: center;\">&nbsp;</td>\r\n<td style=\"border-color: #000000; text-align: center;\">&nbsp;</td>\r\n<td style=\"border-color: #000000; text-align: center;\">&nbsp;</td>\r\n</tr>\r\n<tr style=\"height: 33.3906px;\">\r\n<td style=\"border-color: #000000; text-align: center; background-color: #f2f2f2;\" colspan=\"2\">합계</td>\r\n<td style=\"border-color: #000000; text-align: center;\">ㅍ</td>\r\n<td style=\"border-color: #000000; text-align: center;\">ㅍ</td>\r\n<td style=\"border-color: #000000; text-align: center;\">ㅍ</td>\r\n</tr>\r\n<tr style=\"height: 33.3906px;\">\r\n<td style=\"border-color: #000000; text-align: center; background-color: #f2f2f2;\" colspan=\"5\">세부사항</td>\r\n</tr>\r\n<tr style=\"height: 0px;\"></tr>\r\n<tr style=\"height: 300px;\">\r\n<td style=\"border-color: #000000; text-align: left;\" colspan=\"5\">ㅋㅇㅍㅇㅌㄹ호ㅓ</td>\r\n</tr>\r\n</tbody>\r\n</table>\r\n<pre style=\"text-align: center;\"><br>상기금액을 지출하고자 하오니 검토 후 재가하여 주시기 바랍니다.<br><br><br></pre>','2024-05-30','2024-05-30','완료','개발팀 노트북 구매의 건',4,'1',NULL,1),(12,'<h1 style=\"text-align: center;\">지출 품의서</h1>\r\n<table style=\"border-collapse: collapse; width: 100%; border-width: 1px; border-color: #000000; height: 40px;\" border=\"1\"><colgroup><col style=\"width: 30%;\"><col style=\"width: 70%;\"></colgroup>\r\n<tbody>\r\n<tr style=\"height: 40px;\">\r\n<td style=\"border-color: #000000; text-align: center; background-color: #f2f2f2;\">금액</td>\r\n<td style=\"border-color: #000000;\">일금_오백만___ 원 정(₩__5,000,000__)</td>\r\n</tr>\r\n</tbody>\r\n</table>\r\n<p>&nbsp;</p>\r\n<table style=\"border-collapse: collapse; width: 100%; border-width: 1px; border-color: #000000; height: 734.078px;\" border=\"1\"><colgroup><col style=\"width: 10%;\"><col style=\"width: 35%;\"><col style=\"width: 20%;\"><col style=\"width: 20%;\"><col style=\"width: 15%;\"></colgroup>\r\n<tbody>\r\n<tr style=\"height: 33.3906px;\">\r\n<td style=\"border-color: #000000; text-align: center; background-color: #f2f2f2;\">순번</td>\r\n<td style=\"border-color: #000000; text-align: center; background-color: #f2f2f2;\">적요</td>\r\n<td style=\"border-color: #000000; text-align: center; background-color: #f2f2f2;\">금액</td>\r\n<td style=\"border-color: #000000; text-align: center; background-color: #f2f2f2;\">지급방법</td>\r\n<td style=\"border-color: #000000; text-align: center; background-color: #f2f2f2;\">취급예정일자</td>\r\n</tr>\r\n<tr style=\"height: 33.3906px;\">\r\n<td style=\"border-color: #000000; text-align: center;\">1</td>\r\n<td style=\"border-color: #000000; text-align: center;\">노트북</td>\r\n<td style=\"border-color: #000000; text-align: center;\">5,000,000</td>\r\n<td style=\"border-color: #000000; text-align: center;\">카드</td>\r\n<td style=\"border-color: #000000; text-align: center;\">6/24</td>\r\n</tr>\r\n<tr style=\"height: 33.3906px;\">\r\n<td style=\"border-color: #000000; text-align: center;\">&nbsp;</td>\r\n<td style=\"border-color: #000000; text-align: center;\">&nbsp;</td>\r\n<td style=\"border-color: #000000; text-align: center;\">&nbsp;</td>\r\n<td style=\"border-color: #000000; text-align: center;\">&nbsp;</td>\r\n<td style=\"border-color: #000000; text-align: center;\">&nbsp;</td>\r\n</tr>\r\n<tr style=\"height: 33.3906px;\">\r\n<td style=\"border-color: #000000; text-align: center;\">&nbsp;</td>\r\n<td style=\"border-color: #000000; text-align: center;\">&nbsp;</td>\r\n<td style=\"border-color: #000000; text-align: center;\">&nbsp;</td>\r\n<td style=\"border-color: #000000; text-align: center;\">&nbsp;</td>\r\n<td style=\"border-color: #000000; text-align: center;\">&nbsp;</td>\r\n</tr>\r\n<tr style=\"height: 33.3906px;\">\r\n<td style=\"border-color: #000000; text-align: center;\">&nbsp;</td>\r\n<td style=\"border-color: #000000; text-align: center;\">&nbsp;</td>\r\n<td style=\"border-color: #000000; text-align: center;\">&nbsp;</td>\r\n<td style=\"border-color: #000000; text-align: center;\">&nbsp;</td>\r\n<td style=\"border-color: #000000; text-align: center;\">&nbsp;</td>\r\n</tr>\r\n<tr style=\"height: 33.3906px;\">\r\n<td style=\"border-color: #000000; text-align: center;\">&nbsp;</td>\r\n<td style=\"border-color: #000000; text-align: center;\">&nbsp;</td>\r\n<td style=\"border-color: #000000; text-align: center;\">&nbsp;</td>\r\n<td style=\"border-color: #000000; text-align: center;\">&nbsp;</td>\r\n<td style=\"border-color: #000000; text-align: center;\">&nbsp;</td>\r\n</tr>\r\n<tr style=\"height: 33.3906px;\">\r\n<td style=\"border-color: #000000; text-align: center;\">&nbsp;</td>\r\n<td style=\"border-color: #000000; text-align: center;\">&nbsp;</td>\r\n<td style=\"border-color: #000000; text-align: center;\">&nbsp;</td>\r\n<td style=\"border-color: #000000; text-align: center;\">&nbsp;</td>\r\n<td style=\"border-color: #000000; text-align: center;\">&nbsp;</td>\r\n</tr>\r\n<tr style=\"height: 33.3906px;\">\r\n<td style=\"border-color: #000000; text-align: center;\">&nbsp;</td>\r\n<td style=\"border-color: #000000; text-align: center;\">&nbsp;</td>\r\n<td style=\"border-color: #000000; text-align: center;\">&nbsp;</td>\r\n<td style=\"border-color: #000000; text-align: center;\">&nbsp;</td>\r\n<td style=\"border-color: #000000; text-align: center;\">&nbsp;</td>\r\n</tr>\r\n<tr style=\"height: 33.3906px;\">\r\n<td style=\"border-color: #000000; text-align: center;\">&nbsp;</td>\r\n<td style=\"border-color: #000000; text-align: center;\">&nbsp;</td>\r\n<td style=\"border-color: #000000; text-align: center;\">&nbsp;</td>\r\n<td style=\"border-color: #000000; text-align: center;\">&nbsp;</td>\r\n<td style=\"border-color: #000000; text-align: center;\">&nbsp;</td>\r\n</tr>\r\n<tr style=\"height: 33.3906px;\">\r\n<td style=\"border-color: #000000; text-align: center;\">&nbsp;</td>\r\n<td style=\"border-color: #000000; text-align: center;\">&nbsp;</td>\r\n<td style=\"border-color: #000000; text-align: center;\">&nbsp;</td>\r\n<td style=\"border-color: #000000; text-align: center;\">&nbsp;</td>\r\n<td style=\"border-color: #000000; text-align: center;\">&nbsp;</td>\r\n</tr>\r\n<tr style=\"height: 33.3906px;\">\r\n<td style=\"border-color: #000000; text-align: center;\">&nbsp;</td>\r\n<td style=\"border-color: #000000; text-align: center;\">&nbsp;</td>\r\n<td style=\"border-color: #000000; text-align: center;\">&nbsp;</td>\r\n<td style=\"border-color: #000000; text-align: center;\">&nbsp;</td>\r\n<td style=\"border-color: #000000; text-align: center;\">&nbsp;</td>\r\n</tr>\r\n<tr style=\"height: 33.3906px;\">\r\n<td style=\"border-color: #000000; text-align: center; background-color: #f2f2f2;\" colspan=\"2\">합계</td>\r\n<td style=\"border-color: #000000; text-align: center;\">5,000,000</td>\r\n<td style=\"border-color: #000000; text-align: center;\">&nbsp;</td>\r\n<td style=\"border-color: #000000; text-align: center;\">&nbsp;</td>\r\n</tr>\r\n<tr style=\"height: 33.3906px;\">\r\n<td style=\"border-color: #000000; text-align: center; background-color: #f2f2f2;\" colspan=\"5\">세부사항</td>\r\n</tr>\r\n<tr style=\"height: 0px;\"></tr>\r\n<tr style=\"height: 300px;\">\r\n<td style=\"border-color: #000000; text-align: left;\" colspan=\"5\">노트북 구매</td>\r\n</tr>\r\n</tbody>\r\n</table>\r\n<pre style=\"text-align: center;\"><br>상기금액을 지출하고자 하오니 검토 후 재가하여 주시기 바랍니다.<br><br><br></pre>','2024-05-31','2024-05-31','반려','개발팀 노트북 구매의 건',4,'1','견적서 첨부 후 재상신',1),(13,'<h1 style=\"text-align: center;\">지출 품의서</h1>\r\n<table style=\"border-collapse: collapse; width: 100%; border-width: 1px; border-color: #000000; height: 40px;\" border=\"1\"><colgroup><col style=\"width: 30%;\"><col style=\"width: 70%;\"></colgroup>\r\n<tbody>\r\n<tr style=\"height: 40px;\">\r\n<td style=\"border-color: #000000; text-align: center; background-color: #f2f2f2;\">금액</td>\r\n<td style=\"border-color: #000000;\">일금__오백만__ 원 정(₩_5,000,000___)</td>\r\n</tr>\r\n</tbody>\r\n</table>\r\n<p>&nbsp;</p>\r\n<table style=\"border-collapse: collapse; width: 100%; border-width: 1px; border-color: #000000;\" border=\"1\"><colgroup><col style=\"width: 10%;\"><col style=\"width: 35%;\"><col style=\"width: 20%;\"><col style=\"width: 20%;\"><col style=\"width: 15%;\"></colgroup>\r\n<tbody>\r\n<tr>\r\n<td style=\"border-color: #000000; text-align: center; background-color: #f2f2f2;\">순번</td>\r\n<td style=\"border-color: #000000; text-align: center; background-color: #f2f2f2;\">적요</td>\r\n<td style=\"border-color: #000000; text-align: center; background-color: #f2f2f2;\">금액</td>\r\n<td style=\"border-color: #000000; text-align: center; background-color: #f2f2f2;\">지급방법</td>\r\n<td style=\"border-color: #000000; text-align: center; background-color: #f2f2f2;\">취급예정일자</td>\r\n</tr>\r\n<tr>\r\n<td style=\"border-color: #000000; text-align: center;\">1</td>\r\n<td style=\"border-color: #000000; text-align: center;\">노트북</td>\r\n<td style=\"border-color: #000000; text-align: center;\">5,000,000</td>\r\n<td style=\"border-color: #000000; text-align: center;\">카드</td>\r\n<td style=\"border-color: #000000; text-align: center;\">6/4</td>\r\n</tr>\r\n<tr>\r\n<td style=\"border-color: #000000; text-align: center;\">&nbsp;</td>\r\n<td style=\"border-color: #000000; text-align: center;\">&nbsp;</td>\r\n<td style=\"border-color: #000000; text-align: center;\">&nbsp;</td>\r\n<td style=\"border-color: #000000; text-align: center;\">&nbsp;</td>\r\n<td style=\"border-color: #000000; text-align: center;\">&nbsp;</td>\r\n</tr>\r\n<tr>\r\n<td style=\"border-color: #000000; text-align: center;\">&nbsp;</td>\r\n<td style=\"border-color: #000000; text-align: center;\">&nbsp;</td>\r\n<td style=\"border-color: #000000; text-align: center;\">&nbsp;</td>\r\n<td style=\"border-color: #000000; text-align: center;\">&nbsp;</td>\r\n<td style=\"border-color: #000000; text-align: center;\">&nbsp;</td>\r\n</tr>\r\n<tr>\r\n<td style=\"border-color: #000000; text-align: center;\">&nbsp;</td>\r\n<td style=\"border-color: #000000; text-align: center;\">&nbsp;</td>\r\n<td style=\"border-color: #000000; text-align: center;\">&nbsp;</td>\r\n<td style=\"border-color: #000000; text-align: center;\">&nbsp;</td>\r\n<td style=\"border-color: #000000; text-align: center;\">&nbsp;</td>\r\n</tr>\r\n<tr>\r\n<td style=\"border-color: #000000; text-align: center;\">&nbsp;</td>\r\n<td style=\"border-color: #000000; text-align: center;\">&nbsp;</td>\r\n<td style=\"border-color: #000000; text-align: center;\">&nbsp;</td>\r\n<td style=\"border-color: #000000; text-align: center;\">&nbsp;</td>\r\n<td style=\"border-color: #000000; text-align: center;\">&nbsp;</td>\r\n</tr>\r\n<tr>\r\n<td style=\"border-color: #000000; text-align: center;\">&nbsp;</td>\r\n<td style=\"border-color: #000000; text-align: center;\">&nbsp;</td>\r\n<td style=\"border-color: #000000; text-align: center;\">&nbsp;</td>\r\n<td style=\"border-color: #000000; text-align: center;\">&nbsp;</td>\r\n<td style=\"border-color: #000000; text-align: center;\">&nbsp;</td>\r\n</tr>\r\n<tr>\r\n<td style=\"border-color: #000000; text-align: center;\">&nbsp;</td>\r\n<td style=\"border-color: #000000; text-align: center;\">&nbsp;</td>\r\n<td style=\"border-color: #000000; text-align: center;\">&nbsp;</td>\r\n<td style=\"border-color: #000000; text-align: center;\">&nbsp;</td>\r\n<td style=\"border-color: #000000; text-align: center;\">&nbsp;</td>\r\n</tr>\r\n<tr>\r\n<td style=\"border-color: #000000; text-align: center;\">&nbsp;</td>\r\n<td style=\"border-color: #000000; text-align: center;\">&nbsp;</td>\r\n<td style=\"border-color: #000000; text-align: center;\">&nbsp;</td>\r\n<td style=\"border-color: #000000; text-align: center;\">&nbsp;</td>\r\n<td style=\"border-color: #000000; text-align: center;\">&nbsp;</td>\r\n</tr>\r\n<tr>\r\n<td style=\"border-color: #000000; text-align: center;\">&nbsp;</td>\r\n<td style=\"border-color: #000000; text-align: center;\">&nbsp;</td>\r\n<td style=\"border-color: #000000; text-align: center;\">&nbsp;</td>\r\n<td style=\"border-color: #000000; text-align: center;\">&nbsp;</td>\r\n<td style=\"border-color: #000000; text-align: center;\">&nbsp;</td>\r\n</tr>\r\n<tr>\r\n<td style=\"border-color: #000000; text-align: center;\">&nbsp;</td>\r\n<td style=\"border-color: #000000; text-align: center;\">&nbsp;</td>\r\n<td style=\"border-color: #000000; text-align: center;\">&nbsp;</td>\r\n<td style=\"border-color: #000000; text-align: center;\">&nbsp;</td>\r\n<td style=\"border-color: #000000; text-align: center;\">&nbsp;</td>\r\n</tr>\r\n<tr>\r\n<td style=\"border-color: #000000; text-align: center; background-color: #f2f2f2;\" colspan=\"2\">합계</td>\r\n<td style=\"border-color: #000000; text-align: center;\">5,000,000</td>\r\n<td style=\"border-color: #000000; text-align: center;\">&nbsp;</td>\r\n<td style=\"border-color: #000000; text-align: center;\">&nbsp;</td>\r\n</tr>\r\n<tr>\r\n<td style=\"border-color: #000000; text-align: center; background-color: #f2f2f2;\" colspan=\"5\">세부사항</td>\r\n</tr>\r\n<tr></tr>\r\n<tr style=\"height: 300px;\">\r\n<td style=\"border-color: #000000; text-align: left;\" colspan=\"5\">노트북 구매</td>\r\n</tr>\r\n</tbody>\r\n</table>\r\n<pre style=\"text-align: center;\"><br>상기금액을 지출하고자 하오니 검토 후 재가하여 주시기 바랍니다.<br><br><br></pre>','2024-05-31','2024-05-31','완료','개발팀 노트북 구매의 건',4,'1',NULL,1);
/*!40000 ALTER TABLE `tbl_approval` ENABLE KEYS */;
UNLOCK TABLES;

--
-- Table structure for table `tbl_board`
--

DROP TABLE IF EXISTS `tbl_board`;
/*!40101 SET @saved_cs_client     = @@character_set_client */;
/*!50503 SET character_set_client = utf8mb4 */;
CREATE TABLE `tbl_board` (
  `board_no` int NOT NULL AUTO_INCREMENT,
  `board_content` longtext,
  `board_create_dttm` datetime(6) NOT NULL,
  `board_title` varchar(150) NOT NULL,
  `board_update_dttm` datetime(6) DEFAULT NULL,
  `department_no` int DEFAULT NULL,
  `member_no` varchar(255) DEFAULT NULL,
  PRIMARY KEY (`board_no`)
) ENGINE=InnoDB AUTO_INCREMENT=18 DEFAULT CHARSET=utf8mb4 COLLATE=utf8mb4_0900_ai_ci;
/*!40101 SET character_set_client = @saved_cs_client */;

--
-- Dumping data for table `tbl_board`
--

LOCK TABLES `tbl_board` WRITE;
/*!40000 ALTER TABLE `tbl_board` DISABLE KEYS */;
INSERT INTO `tbl_board` VALUES (1,'<p><strong style=\"color: var(--tw-prose-bold);\">참석자</strong></p><p>-이후영 (개발팀)</p><p>-이진우 (기획팀)</p><p>-김개발</p><p><br></p><p><strong style=\"color: var(--tw-prose-bold);\">회의 장소</strong></p><p>: 본사 회의실 B</p><p><br></p><p><strong style=\"color: var(--tw-prose-bold);\">회의 목적</strong></p><p>: 2분기 개발 기획 논의 및 목표 설정</p><h4><br></h4><h4>1. 1분기 성과 리뷰</h4><ul><li>이후영 대리가 1분기 성과를 보고함:</li><li class=\"ql-indent-1\">사용자 피드백 반영을 통한 UI 개선</li><li class=\"ql-indent-1\">신규 기능 3개 릴리스 완료</li><li class=\"ql-indent-1\">시스템 안정성 95% 달성</li><li>김개발 개발 개선 사항을 설명함:</li><li class=\"ql-indent-1\">API 응답 속도 20% 향상</li><li class=\"ql-indent-1\">데이터베이스 최적화 작업 완료</li></ul><h4>2. 2분기 목표 설정</h4><ul><li>이진우 대리가 2분기 목표를 제시함:</li><li class=\"ql-indent-1\">사용자 경험 개선을 위한 인터페이스 업그레이드</li><li class=\"ql-indent-1\">신규 기능 5개 개발 및 배포</li><li class=\"ql-indent-1\">시스템 안정성 98% 달성</li><li>참석자들 간의 논의를 통해 목표에 대한 구체적인 실행 방안을 마련함.</li></ul><h4>3. 주요 과제 및 일정</h4><ul><li>김개발이 프론트엔드, <span style=\"color: rgb(33, 37, 41);\">백엔드</span> 주요 과제와 일정을 설명함:</li><li class=\"ql-indent-1\">리액트 버전 업데이트 (6월 말 완료 예정)</li><li class=\"ql-indent-1\">신규 대시보드 UI 개발 (7월 중순 완료 예정)</li><li class=\"ql-indent-1\">신규 API 개발 (6월 말 완료 예정)</li><li class=\"ql-indent-1\">데이터베이스 스케일링 작업 (7월 중순 완료 예정)</li></ul><h4>4. 디자인 개선 논의</h4><ul><li>이진우 대리가 디자인 개선 방안을 제안함:</li><li class=\"ql-indent-1\">사용자 피드백 반영한 UI/UX 개선</li><li class=\"ql-indent-1\">브랜드 일관성을 위한 디자인 가이드라인 수립</li><li>참석자들이 디자인 개선 방안에 동의하고, 세부 사항을 추가 논의함.</li></ul><h4>5. 기타 논의 사항</h4><ul><li>이후영 대리가 팀 간 협업 강화를 위한 정기 회의 제안을 함:</li><li class=\"ql-indent-1\">매주 월요일 오전 10시 팀 회의 개최</li><li>참석자들이 제안에 동의하고, 첫 회의 일정을 확정함.</li></ul><h4>6. 회의 종료 및 다음 회의 일정</h4><ul><li>이후영 대리가 회의를 마무리하며 참석자들에게 감사 인사를 전함.</li><li>다음 회의 일정은 2024년 6월 20일로 예정됨.</li></ul><p><br></p><p>위 회의록은 2024년 5월 23일 개발 기획 회의에서 논의된 내용을 바탕으로 작성되었습니다. 추가 문의사항이나 수정 요청이 있을 경우, 담당자에게 연락 바랍니다.</p>','2024-05-28 14:50:44.658000','2024-05-23 개발 기획 회의록','2024-05-29 09:53:59.716000',1,'1'),(2,'<p><strong style=\"color: var(--tw-prose-bold);\">참석자</strong></p><p>-이후영 (개발팀)</p><p>-이영희 (외부 컨설턴트)</p><p>-박민준 (<span style=\"color: rgb(33, 37, 41);\">외부 </span>기술지원)</p><p>-김개발 (개발팀)</p><p><br></p><p><strong style=\"color: var(--tw-prose-bold);\">회의 장소</strong></p><p>: 서울 본사 회의실 A</p><p><br></p><p><strong style=\"color: var(--tw-prose-bold);\">회의 목적</strong></p><p>: 개발 프로젝트 진행 상황 점검 및 외부 컨설턴트와의 협력 방안 논의</p><p><br></p><h4>1. 프로젝트 진행 상황 보고</h4><ul><li><span style=\"color: rgb(33, 37, 41);\">김개발</span>이 현재 프로젝트의 진행 상황을 보고함.</li><li>주요 개발 완료 항목:</li><li class=\"ql-indent-1\">사용자 인증 및 권한 관리 모듈 완성</li><li class=\"ql-indent-1\">데이터베이스 스키마 설계 완료 및 초기 데이터 마이그레이션 수행</li><li class=\"ql-indent-1\">프론트엔드 UI/UX 디자인 초안 완성</li><li>진행 중인 작업:</li><li class=\"ql-indent-1\">REST API 개발 중 (60% 완료)</li><li class=\"ql-indent-1\">실시간 알림 기능 개발 중</li><li>이슈 및 문제점:</li><li class=\"ql-indent-1\">데이터 동기화 문제로 일부 기능에서 성능 저하 발생</li><li class=\"ql-indent-1\">특정 브라우저에서의 UI 호환성 문제</li></ul><h4>2. 외부 컨설턴트의 피드백 및 조언</h4><ul><li class=\"ql-indent-1\">사용자 인증 모듈에 대한 보안 강화 권고</li><li class=\"ql-indent-1\">데이터베이스 스키마 설계에 대해 최적화 방안 제시</li><li class=\"ql-indent-1\">프론트엔드 디자인에 대한 개선 사항 제안</li><li><span style=\"color: rgb(33, 37, 41);\">이후영 대리가</span> 컨설턴트의 피드백에 감사 인사를 전하고, 제안된 개선 사항을 반영하기로 함.</li></ul><h4>3. 협력 방안 논의</h4><ul><li>정은지가 외부 컨설턴트와의 협력 방안을 제안:</li><li class=\"ql-indent-1\">주기적인 진행 상황 점검 회의 개최 (월 1회)</li><li class=\"ql-indent-1\">주요 문제 발생 시 즉각적인 피드백 체계 구축</li><li class=\"ql-indent-1\">외부 컨설턴트의 코드 리뷰 참여 요청</li><li>이영희 컨설턴트가 제안을 수락하고, 협력 방안에 동의함.</li></ul><h4>4. 기타 논의 사항</h4><ul><li>박민준이 데이터 동기화 문제에 대한 해결 방안을 제안:</li><li class=\"ql-indent-1\">데이터베이스 인덱스 최적화</li><li class=\"ql-indent-1\">캐싱 기법 도입</li><li>참석자들 모두 제안된 방안에 동의하고, 다음 회의에서 구체적인 실행 계획을 논의하기로 함.</li></ul><h4>5. 회의 종료 및 다음 회의 일정</h4><ul><li>김철수 팀장이 회의를 마무리하며, 참석자들에게 감사의 인사를 전함.</li><li>다음 회의 일정은 2024년 6월 25일로 예정됨.</li></ul><p><br></p><h3>주요 연락처</h3><ul><li>이후영 (개발팀): gndud3158@ketchup.com</li><li>이영희 (외부 컨설턴트): younghee.lee@gmail.com</li><li>박민준 (기술지원 담당자): minjun.park@gmail.com</li><li>김개발 (<span style=\"color: rgb(33, 37, 41);\">개발팀</span>): gndud3158@ketchup.com</li></ul><p><br></p><p>위 회의록은 2024년 5월 28일 개발 외부 미팅에서 논의된 내용을 바탕으로 작성되었습니다. 추가 문의사항이나 수정 요청이 있을 경우, 담당자에게 연락 바랍니다.</p>','2024-05-28 14:51:30.734000','2024-05-28 개발 외부 미팅 회의록','2024-05-29 10:02:27.579000',1,'1'),(3,'<p>자료실(資料室) 또는&nbsp;데이터 룸(data room)은 데이터를 보관하기 위해 사용되는 공간으로, 보통은 안전한 방식으로나 권한이 있는 방식으로 접근한다. </p><p><br></p><p>물리적인 자료실이거나&nbsp;가상 자료실이거나&nbsp;데이터 센터일 수도 있다.[1][2]&nbsp;자료 보관, 문서 교환, 파일 공유, 금융 거래, 법적 거래 등 다양한 목적으로 사용된다.</p><p><br></p><p>물리적인 자료실의 상당한 비용을 방지하는 것이&nbsp;가상 자료실(virtual data room)이며 기밀 정보의 안전한 온라인 보급을 제공한다.[3] </p><p><br></p><p>가정의날 신제품 개발 관련자료 공유드립니다. </p><p><br></p><p>확인 후 업무에 적용해 주세요</p><p><br></p><p>감사합니다.</p><p><br></p><p><br></p><p><br></p><p><br></p>','2024-05-28 15:15:34.770000','2024-05-18 신제품 외부 미팅 회의록',NULL,2,'2'),(4,'<p>대외배입니다</p>','2024-05-28 15:43:43.027000','인사팀 공용자료입니다',NULL,2,'2'),(5,'<p>안녕하세요, 개발팀 여러분.</p><p>2023년 한 해도 얼마 남지 않았습니다. 개발팀의 모든 업무가 순조롭게 진행될 수 있도록 몇 가지 공지 사항을 전달드리고자 합니다.</p><p><br></p><p><span style=\"color: var(--tw-prose-bold);\">1. 프로젝트 마감 일정 확인:</span></p><ul><li>모든 프로젝트의 마감 일정을 다시 한 번 확인해 주시기 바랍니다.</li><li>각 프로젝트 담당자는 마감 일정 준수 여부를 점검하고, 필요한 경우 조정이 필요한 사항을 관리자에게 보고해 주세요.</li></ul><p><span style=\"color: var(--tw-prose-bold);\">2. 연말 결산 보고서 준비:</span></p><ul><li>각 팀에서는 연말 결산 보고서를 준비해 주시기 바랍니다.</li><li>보고서 제출 기한은 2024년 1월 5일(금)까지입니다.</li></ul><p><span style=\"color: var(--tw-prose-bold);\">3. 휴가 일정 조율:</span></p><ul><li>연말 휴가를 계획 중인 직원은 휴가 일정을 미리 팀장에게 공유해 주시기 바랍니다.</li><li>휴가 기간 동안 발생할 수 있는 업무 공백을 최소화할 수 있도록 사전에 협력해 주세요.</li></ul><p><span style=\"color: var(--tw-prose-bold);\">4. 코드 정리 및 백업:</span></p><ul><li>모든 소스 코드는 정리하고 최신 상태로 백업해 주시기 바랍니다.</li><li>특히, 중요한 프로젝트의 소스 코드는 외부 백업 시스템에도 저장해 주세요.</li></ul><p><span style=\"color: var(--tw-prose-bold);\">5. 사무실 정리:</span></p><ul><li>연말 대청소가 예정되어 있습니다. 각자 자리와 공용 공간을 정리해 주시기 바랍니다.</li><li>대청소 일정은 12월 29일(금) 오후 3시부터 시작됩니다.</li></ul><p>올 한 해도 각자의 자리에서 최선을 다해 주신 모든 분들께 감사의 말씀을 드립니다. 2024년에도 더 나은 성과를 위해 함께 노력합시다.</p><p>감사합니다.</p>','2024-05-29 00:01:47.981000','개발팀 관리 공지','2024-05-29 00:02:04.120000',1,'1'),(6,'<p>안녕하세요, 신입사원 여러분!</p><p><br></p><p>데블에 오신 것을 환영합니다.&nbsp;</p><p>여러분의 성공적인 업무 적응을 위해 아래와 같이 업무 매뉴얼을 안내드립니다.&nbsp;</p><p>꼼꼼히 읽어보시고, 궁금한 점이 있으면 언제든지 문의해 주세요.</p><p><br></p><p>1. 기본 사항</p><p>근무 시간: 월요일 ~ 금요일: 오전 9시 ~ 오후 6시</p><p>점심 시간: 오후 12시 ~ 오후 1시</p><p><br></p><p>연락처</p><p>대리: 박다은 (내선번호: 102)</p><p>개발 담당자: 이후영 (내선번호: 101)</p><p>기획 담당자: 이진우 (내선번호: 103)</p><p><br></p><p>2. 개발 환경 설정</p><p>필수 소프트웨어</p><p>Visual Studio Code / IntelliJ</p><p>Git</p><p>Docker</p><p><br></p><p>시스템 접근 권한</p><p>회사 메일 계정 및 시스템 접근 권한은 첫 출근일에 제공됩니다.</p><p>GitHub 조직 초대는 별도로 발송됩니다.</p><p><br></p><p>3. 코드 규칙 및 협업 도구</p><p>코드 스타일 가이드</p><p><br></p><p>데블 코드 스타일 가이드는 여기를 참고하세요.</p><p>반드시 팀의 코드 리뷰를 거쳐야 합니다.</p><p>버전 관리</p><p><br></p><p>Git을 사용하여 모든 프로젝트를 관리합니다.</p><p>브랜치 전략: main, develop, feature/{기능명}</p><p>커밋 메시지 규칙: [타입] #이슈번호 - 메시지</p><p>프로젝트 관리</p><p><br></p><p>JIRA를 통해 모든 프로젝트와 이슈를 관리합니다.</p><p>매주 월요일 오전 10시에 스프린트 계획 회의를 진행합니다.</p><p><br></p><p>4. 업무 프로세스</p><p>업무 할당 및 보고</p><p><br></p><p>업무는 git를 통해 할당되며, 완료 후 반드시 git에 상태를 업데이트합니다.</p><p>매일 오전 9시 30분에 데일리 스탠드업 미팅이 있습니다.</p><p>코드 리뷰</p><p><br></p><p>모든 코드는 최소 두 명의 동료에게 리뷰를 받아야 합니다.</p><p>리뷰 요청은 Slack의 #code-review 채널을 통해 진행합니다.</p><p><br></p><p>5. 교육 및 지원</p><p>멘토링 프로그램</p><p><br></p><p>각 신입사원에게 멘토가 배정됩니다.</p><p>멘토는 업무 적응과 기술적인 지원을 도와줄 것입니다.</p><p>첫 주에는 멘토와의 1:1 미팅을 매일 진행합니다.</p><p>교육 자료</p><p>개발팀 내부 자료실에 다양한 교육 자료가 준비되어 있습니다. 여기를 통해 접근 가능합니다.</p><p><br></p><p>6. 기타 참고 사항</p><p>기술 문서 작성</p><p><br></p><p>모든 개발 작업은 관련 기술 문서를 작성해야 합니다.</p><p>문서 템플릿은 여기에서 다운로드할 수 있습니다.</p><p>보안 규칙</p><p><br></p><p>모든 코드와 데이터는 회사 정책에 따라 보안 절차를 준수해야 합니다.</p><p>외부로의 코드 유출 금지, 회사 기밀 유출 금지</p><p>여러분의 성공적인 적응을 위해 최선을 다해 지원하겠습니다. 함께 멋진 성과를 이루어 나가길 기대합니다. 많은 협조 부탁드립니다.</p><p><br></p><p>환영합니다!</p>','2024-05-30 05:58:08.516000','인사팀 업무 매뉴얼','2024-05-30 11:23:50.025000',2,'2'),(7,'<p>안녕하세요, 신입사원 여러분!</p><p><br></p><p>데블에 오신 것을 환영합니다.&nbsp;</p><p>여러분의 성공적인 업무 적응을 위해 아래와 같이 업무 매뉴얼을 안내드립니다.&nbsp;</p><p>꼼꼼히 읽어보시고, 궁금한 점이 있으면 언제든지 문의해 주세요.</p><p><br></p><p>1. 기본 사항</p><p>근무 시간: 월요일 ~ 금요일: 오전 9시 ~ 오후 6시</p><p>점심 시간: 오후 12시 ~ 오후 1시</p><p><br></p><p>연락처</p><p>대리: 이후영 (내선번호: 101)</p><p>인사 담당자: 박다은 (내선번호: 102)</p><p>기획 담당자: 이진우 (내선번호: 103)</p><p><br></p><p>2. 개발 환경 설정</p><p>필수 소프트웨어</p><p>Visual Studio Code / IntelliJ</p><p>Git</p><p>Docker</p><p><br></p><p>시스템 접근 권한</p><p>회사 메일 계정 및 시스템 접근 권한은 첫 출근일에 제공됩니다.</p><p>GitHub 조직 초대는 별도로 발송됩니다.</p><p><br></p><p>3. 코드 규칙 및 협업 도구</p><p>코드 스타일 가이드</p><p><br></p><p>데블 코드 스타일 가이드는 여기를 참고하세요.</p><p>반드시 팀의 코드 리뷰를 거쳐야 합니다.</p><p>버전 관리</p><p><br></p><p>Git을 사용하여 모든 프로젝트를 관리합니다.</p><p>브랜치 전략: main, develop, feature/{기능명}</p><p>커밋 메시지 규칙: [타입] #이슈번호 - 메시지</p><p>프로젝트 관리</p><p><br></p><p>JIRA를 통해 모든 프로젝트와 이슈를 관리합니다.</p><p>매주 월요일 오전 10시에 스프린트 계획 회의를 진행합니다.</p><p><br></p><p>4. 업무 프로세스</p><p>업무 할당 및 보고</p><p><br></p><p>업무는 git를 통해 할당되며, 완료 후 반드시 git에 상태를 업데이트합니다.</p><p>매일 오전 9시 30분에 데일리 스탠드업 미팅이 있습니다.</p><p>코드 리뷰</p><p><br></p><p>모든 코드는 최소 두 명의 동료에게 리뷰를 받아야 합니다.</p><p>리뷰 요청은 Slack의 #code-review 채널을 통해 진행합니다.</p><p><br></p><p>5. 교육 및 지원</p><p>멘토링 프로그램</p><p><br></p><p>각 신입사원에게 멘토가 배정됩니다.</p><p>멘토는 업무 적응과 기술적인 지원을 도와줄 것입니다.</p><p>첫 주에는 멘토와의 1:1 미팅을 매일 진행합니다.</p><p>교육 자료</p><p>개발팀 내부 자료실에 다양한 교육 자료가 준비되어 있습니다. 여기를 통해 접근 가능합니다.</p><p><br></p><p>6. 기타 참고 사항</p><p>기술 문서 작성</p><p><br></p><p>모든 개발 작업은 관련 기술 문서를 작성해야 합니다.</p><p>문서 템플릿은 여기에서 다운로드할 수 있습니다.</p><p>보안 규칙</p><p><br></p><p>모든 코드와 데이터는 회사 정책에 따라 보안 절차를 준수해야 합니다.</p><p>외부로의 코드 유출 금지, 회사 기밀 유출 금지</p><p>여러분의 성공적인 적응을 위해 최선을 다해 지원하겠습니다. 함께 멋진 성과를 이루어 나가길 기대합니다. 많은 협조 부탁드립니다.</p><p><br></p><p>환영합니다!</p>','2023-05-29 11:22:49.485000','[ 중요 ]개발팀 업무 매뉴얼1','2024-05-31 10:01:21.117000',1,'1'),(8,'<p>안녕하세요, 개발팀 여러분.</p><p>새로운 프로젝트 진행에 대한 안내를 드립니다. 이번 프로젝트는 회사의 핵심 비즈니스 목표를 달성하기 위해 기획된 중요한 프로젝트입니다. 모든 팀원들이 각자의 역할을 충실히 수행하여 성공적인 프로젝트 완수를 위해 협력해주시기 바랍니다.</p><h4>프로젝트 개요</h4><ul><li><span style=\"color: var(--tw-prose-bold);\">프로젝트명</span>: [프로젝트명]</li><li><span style=\"color: var(--tw-prose-bold);\">목표</span>: [프로젝트 목표 및 기대 효과]</li><li><span style=\"color: var(--tw-prose-bold);\">기간</span>: [시작일] ~ [종료일]</li><li><span style=\"color: var(--tw-prose-bold);\">주요 기능</span>: [주요 기능 및 특징]</li></ul><h4>개발 환경</h4><ul><li><span style=\"color: var(--tw-prose-bold);\">프론트엔드</span>: React</li><li><span style=\"color: var(--tw-prose-bold);\">백엔드</span>: Spring Data JPA</li><li><span style=\"color: var(--tw-prose-bold);\">데이터베이스</span>: [데이터베이스 종류]</li><li><span style=\"color: var(--tw-prose-bold);\">버전 관리</span>: Git</li></ul><h4>주요 일정</h4><ul><li><span style=\"color: var(--tw-prose-bold);\">기획 및 설계</span>: [기간]</li><li><span style=\"color: var(--tw-prose-bold);\">개발</span>: [기간]</li><li><span style=\"color: var(--tw-prose-bold);\">테스트</span>: [기간]</li><li><span style=\"color: var(--tw-prose-bold);\">배포 및 유지보수</span>: [기간]</li></ul><h4>팀 구성 및 역할</h4><ul><li><span style=\"color: var(--tw-prose-bold);\">프로젝트 매니저</span>: [이름] - 전체 프로젝트 관리 및 조정</li><li><span style=\"color: var(--tw-prose-bold);\">프론트엔드 개발</span>: [이름] - UI/UX 설계 및 프론트엔드 구현</li><li><span style=\"color: var(--tw-prose-bold);\">백엔드 개발</span>: [이름] - 서버 로직 및 데이터베이스 관리</li><li><span style=\"color: var(--tw-prose-bold);\">QA</span>: [이름] - 테스트 및 품질 관리</li></ul><h4>협업 도구</h4><ul><li><span style=\"color: var(--tw-prose-bold);\">프로젝트 관리</span>: [Jira, Trello 등]</li><li><span style=\"color: var(--tw-prose-bold);\">커뮤니케이션</span>: [Slack, Microsoft Teams 등]</li><li><span style=\"color: var(--tw-prose-bold);\">문서 관리</span>: [Confluence, Google Docs 등]</li></ul><h4>기타 안내 사항</h4><ul><li><span style=\"color: var(--tw-prose-bold);\">주간 회의</span>: 매주 [요일] [시간]에 정기 회의를 진행합니다.</li><li><span style=\"color: var(--tw-prose-bold);\">보고서 제출</span>: 매주 [요일]까지 주간 보고서를 제출해주세요.</li><li><span style=\"color: var(--tw-prose-bold);\">문의사항</span>: 프로젝트 관련 문의는 [프로젝트 매니저]에게 연락 바랍니다.</li></ul><p>모두가 협력하여 프로젝트가 성공적으로 완료될 수 있도록 최선을 다해주시기 바랍니다. 많은 참여와 성원 부탁드립니다.</p><p>감사합니다.</p>','2023-03-01 09:51:40.904000','개발팀 신규 프로젝트 진행',NULL,1,'1'),(9,'<p><strong style=\"color: var(--tw-prose-bold);\">참석자</strong></p><p>-이후영 (개발팀)</p><p>-이진우 (기획팀)</p><p>-김개발</p><p><br></p><p><strong style=\"color: var(--tw-prose-bold);\">회의 장소</strong></p><p>: 본사 회의실 B</p><p><br></p><p><strong style=\"color: var(--tw-prose-bold);\">회의 목적</strong></p><p>: 2분기 개발 기획 논의 및 목표 설정</p><h4><br></h4><h4>1. 1분기 성과 리뷰</h4><ul><li>이후영 대리가 1분기 성과를 보고함:</li><li class=\"ql-indent-1\">사용자 피드백 반영을 통한 UI 개선</li><li class=\"ql-indent-1\">신규 기능 3개 릴리스 완료</li><li class=\"ql-indent-1\">시스템 안정성 95% 달성</li><li>김개발 개발 개선 사항을 설명함:</li><li class=\"ql-indent-1\">API 응답 속도 20% 향상</li><li class=\"ql-indent-1\">데이터베이스 최적화 작업 완료</li></ul><h4>2. 2분기 목표 설정</h4><ul><li>이진우 대리가 2분기 목표를 제시함:</li><li class=\"ql-indent-1\">사용자 경험 개선을 위한 인터페이스 업그레이드</li><li class=\"ql-indent-1\">신규 기능 5개 개발 및 배포</li><li class=\"ql-indent-1\">시스템 안정성 98% 달성</li><li>참석자들 간의 논의를 통해 목표에 대한 구체적인 실행 방안을 마련함.</li></ul><h4>3. 주요 과제 및 일정</h4><ul><li>김개발이 프론트엔드,&nbsp;<span style=\"color: rgb(33, 37, 41);\">백엔드</span>&nbsp;주요 과제와 일정을 설명함:</li><li class=\"ql-indent-1\">리액트 버전 업데이트 (6월 말 완료 예정)</li><li class=\"ql-indent-1\">신규 대시보드 UI 개발 (7월 중순 완료 예정)</li><li class=\"ql-indent-1\">신규 API 개발 (6월 말 완료 예정)</li><li class=\"ql-indent-1\">데이터베이스 스케일링 작업 (7월 중순 완료 예정)</li></ul><h4>4. 디자인 개선 논의</h4><ul><li>이진우 대리가 디자인 개선 방안을 제안함:</li><li class=\"ql-indent-1\">사용자 피드백 반영한 UI/UX 개선</li><li class=\"ql-indent-1\">브랜드 일관성을 위한 디자인 가이드라인 수립</li><li>참석자들이 디자인 개선 방안에 동의하고, 세부 사항을 추가 논의함.</li></ul><h4>5. 기타 논의 사항</h4><ul><li>이후영 대리가 팀 간 협업 강화를 위한 정기 회의 제안을 함:</li><li class=\"ql-indent-1\">매주 월요일 오전 10시 팀 회의 개최</li><li>참석자들이 제안에 동의하고, 첫 회의 일정을 확정함.</li></ul><h4>6. 회의 종료 및 다음 회의 일정</h4><ul><li>이후영 대리가 회의를 마무리하며 참석자들에게 감사 인사를 전함.</li><li>다음 회의 일정은 2024년 6월 20일로 예정됨.</li></ul><p><br></p><p>위 회의록은 2024년 5월 23일 개발 기획 회의에서 논의된 내용을 바탕으로 작성되었습니다. 추가 문의사항이나 수정 요청이 있을 경우, 담당자에게 연락 바랍니다.</p>','2023-05-31 09:52:50.961000','2분기 개발 기획 논의 ','2024-05-31 09:53:24.446000',1,'1'),(10,'<p><strong style=\"color: var(--tw-prose-bold);\">참석자</strong></p><p>-이후영 (개발팀)</p><p>-이진우 (기획팀)</p><p>-김개발</p><p><br></p><p><strong style=\"color: var(--tw-prose-bold);\">회의 장소</strong></p><p>: 본사 회의실 B</p><p><br></p><p><strong style=\"color: var(--tw-prose-bold);\">회의 목적</strong></p><p>: 2분기 개발 기획 논의 및 목표 설정</p><h4><br></h4><h4>1. 1분기 성과 리뷰</h4><ul><li>이후영 대리가 1분기 성과를 보고함:</li><li class=\"ql-indent-1\">사용자 피드백 반영을 통한 UI 개선</li><li class=\"ql-indent-1\">신규 기능 3개 릴리스 완료</li><li class=\"ql-indent-1\">시스템 안정성 95% 달성</li><li>김개발 개발 개선 사항을 설명함:</li><li class=\"ql-indent-1\">API 응답 속도 20% 향상</li><li class=\"ql-indent-1\">데이터베이스 최적화 작업 완료</li></ul><h4>2. 2분기 목표 설정</h4><ul><li>이진우 대리가 2분기 목표를 제시함:</li><li class=\"ql-indent-1\">사용자 경험 개선을 위한 인터페이스 업그레이드</li><li class=\"ql-indent-1\">신규 기능 5개 개발 및 배포</li><li class=\"ql-indent-1\">시스템 안정성 98% 달성</li><li>참석자들 간의 논의를 통해 목표에 대한 구체적인 실행 방안을 마련함.</li></ul><h4>3. 주요 과제 및 일정</h4><ul><li>김개발이 프론트엔드,&nbsp;<span style=\"color: rgb(33, 37, 41);\">백엔드</span>&nbsp;주요 과제와 일정을 설명함:</li><li class=\"ql-indent-1\">리액트 버전 업데이트 (6월 말 완료 예정)</li><li class=\"ql-indent-1\">신규 대시보드 UI 개발 (7월 중순 완료 예정)</li><li class=\"ql-indent-1\">신규 API 개발 (6월 말 완료 예정)</li><li class=\"ql-indent-1\">데이터베이스 스케일링 작업 (7월 중순 완료 예정)</li></ul><h4>4. 디자인 개선 논의</h4><ul><li>이진우 대리가 디자인 개선 방안을 제안함:</li><li class=\"ql-indent-1\">사용자 피드백 반영한 UI/UX 개선</li><li class=\"ql-indent-1\">브랜드 일관성을 위한 디자인 가이드라인 수립</li><li>참석자들이 디자인 개선 방안에 동의하고, 세부 사항을 추가 논의함.</li></ul><h4>5. 기타 논의 사항</h4><ul><li>이후영 대리가 팀 간 협업 강화를 위한 정기 회의 제안을 함:</li><li class=\"ql-indent-1\">매주 월요일 오전 10시 팀 회의 개최</li><li>참석자들이 제안에 동의하고, 첫 회의 일정을 확정함.</li></ul><h4>6. 회의 종료 및 다음 회의 일정</h4><ul><li>이후영 대리가 회의를 마무리하며 참석자들에게 감사 인사를 전함.</li><li>다음 회의 일정은 2024년 6월 20일로 예정됨.</li></ul><p><br></p><p>위 회의록은 2024년 5월 23일 개발 기획 회의에서 논의된 내용을 바탕으로 작성되었습니다. 추가 문의사항이나 수정 요청이 있을 경우, 담당자에게 연락 바랍니다.</p>','2023-10-23 09:53:48.269000','2023-10-23 개발 기획 회의록','2024-05-31 09:54:25.060000',1,'1'),(11,'<p><strong style=\"color: var(--tw-prose-bold);\">참석자</strong></p><p>-이후영 (개발팀)</p><p>-이진우 (기획팀)</p><p>-김개발</p><p><br></p><p><strong style=\"color: var(--tw-prose-bold);\">회의 장소</strong></p><p>: 본사 회의실 B</p><p><br></p><p><strong style=\"color: var(--tw-prose-bold);\">회의 목적</strong></p><p>: 2분기 개발 기획 논의 및 목표 설정</p><h4><br></h4><h4>1. 1분기 성과 리뷰</h4><ul><li>이후영 대리가 1분기 성과를 보고함:</li><li class=\"ql-indent-1\">사용자 피드백 반영을 통한 UI 개선</li><li class=\"ql-indent-1\">신규 기능 3개 릴리스 완료</li><li class=\"ql-indent-1\">시스템 안정성 95% 달성</li><li>김개발 개발 개선 사항을 설명함:</li><li class=\"ql-indent-1\">API 응답 속도 20% 향상</li><li class=\"ql-indent-1\">데이터베이스 최적화 작업 완료</li></ul><h4>2. 2분기 목표 설정</h4><ul><li>이진우 대리가 2분기 목표를 제시함:</li><li class=\"ql-indent-1\">사용자 경험 개선을 위한 인터페이스 업그레이드</li><li class=\"ql-indent-1\">신규 기능 5개 개발 및 배포</li><li class=\"ql-indent-1\">시스템 안정성 98% 달성</li><li>참석자들 간의 논의를 통해 목표에 대한 구체적인 실행 방안을 마련함.</li></ul><h4>3. 주요 과제 및 일정</h4><ul><li>김개발이 프론트엔드,&nbsp;<span style=\"color: rgb(33, 37, 41);\">백엔드</span>&nbsp;주요 과제와 일정을 설명함:</li><li class=\"ql-indent-1\">리액트 버전 업데이트 (6월 말 완료 예정)</li><li class=\"ql-indent-1\">신규 대시보드 UI 개발 (7월 중순 완료 예정)</li><li class=\"ql-indent-1\">신규 API 개발 (6월 말 완료 예정)</li><li class=\"ql-indent-1\">데이터베이스 스케일링 작업 (7월 중순 완료 예정)</li></ul><h4>4. 디자인 개선 논의</h4><ul><li>이진우 대리가 디자인 개선 방안을 제안함:</li><li class=\"ql-indent-1\">사용자 피드백 반영한 UI/UX 개선</li><li class=\"ql-indent-1\">브랜드 일관성을 위한 디자인 가이드라인 수립</li><li>참석자들이 디자인 개선 방안에 동의하고, 세부 사항을 추가 논의함.</li></ul><h4>5. 기타 논의 사항</h4><ul><li>이후영 대리가 팀 간 협업 강화를 위한 정기 회의 제안을 함:</li><li class=\"ql-indent-1\">매주 월요일 오전 10시 팀 회의 개최</li><li>참석자들이 제안에 동의하고, 첫 회의 일정을 확정함.</li></ul><h4>6. 회의 종료 및 다음 회의 일정</h4><ul><li>이후영 대리가 회의를 마무리하며 참석자들에게 감사 인사를 전함.</li><li>다음 회의 일정은 2024년 6월 20일로 예정됨.</li></ul><p><br></p><p>위 회의록은 2024년 5월 23일 개발 기획 회의에서 논의된 내용을 바탕으로 작성되었습니다. 추가 문의사항이나 수정 요청이 있을 경우, 담당자에게 연락 바랍니다.</p>','2023-11-22 09:55:02.146000','2023-11-22 외부미팅 회의록',NULL,1,'1'),(12,'<p><strong style=\"color: var(--tw-prose-bold);\">참석자</strong></p><p>-이후영 (개발팀)</p><p>-이진우 (기획팀)</p><p>-김개발</p><p><br></p><p><strong style=\"color: var(--tw-prose-bold);\">회의 장소</strong></p><p>: 본사 회의실 B</p><p><br></p><p><strong style=\"color: var(--tw-prose-bold);\">회의 목적</strong></p><p>: 2분기 개발 기획 논의 및 목표 설정</p><h4><br></h4><h4>1. 1분기 성과 리뷰</h4><ul><li>이후영 대리가 1분기 성과를 보고함:</li><li class=\"ql-indent-1\">사용자 피드백 반영을 통한 UI 개선</li><li class=\"ql-indent-1\">신규 기능 3개 릴리스 완료</li><li class=\"ql-indent-1\">시스템 안정성 95% 달성</li><li>김개발 개발 개선 사항을 설명함:</li><li class=\"ql-indent-1\">API 응답 속도 20% 향상</li><li class=\"ql-indent-1\">데이터베이스 최적화 작업 완료</li></ul><h4>2. 2분기 목표 설정</h4><ul><li>이진우 대리가 2분기 목표를 제시함:</li><li class=\"ql-indent-1\">사용자 경험 개선을 위한 인터페이스 업그레이드</li><li class=\"ql-indent-1\">신규 기능 5개 개발 및 배포</li><li class=\"ql-indent-1\">시스템 안정성 98% 달성</li><li>참석자들 간의 논의를 통해 목표에 대한 구체적인 실행 방안을 마련함.</li></ul><h4>3. 주요 과제 및 일정</h4><ul><li>김개발이 프론트엔드,&nbsp;<span style=\"color: rgb(33, 37, 41);\">백엔드</span>&nbsp;주요 과제와 일정을 설명함:</li><li class=\"ql-indent-1\">리액트 버전 업데이트 (6월 말 완료 예정)</li><li class=\"ql-indent-1\">신규 대시보드 UI 개발 (7월 중순 완료 예정)</li><li class=\"ql-indent-1\">신규 API 개발 (6월 말 완료 예정)</li><li class=\"ql-indent-1\">데이터베이스 스케일링 작업 (7월 중순 완료 예정)</li></ul><h4>4. 디자인 개선 논의</h4><ul><li>이진우 대리가 디자인 개선 방안을 제안함:</li><li class=\"ql-indent-1\">사용자 피드백 반영한 UI/UX 개선</li><li class=\"ql-indent-1\">브랜드 일관성을 위한 디자인 가이드라인 수립</li><li>참석자들이 디자인 개선 방안에 동의하고, 세부 사항을 추가 논의함.</li></ul><h4>5. 기타 논의 사항</h4><ul><li>이후영 대리가 팀 간 협업 강화를 위한 정기 회의 제안을 함:</li><li class=\"ql-indent-1\">매주 월요일 오전 10시 팀 회의 개최</li><li>참석자들이 제안에 동의하고, 첫 회의 일정을 확정함.</li></ul><h4>6. 회의 종료 및 다음 회의 일정</h4><ul><li>이후영 대리가 회의를 마무리하며 참석자들에게 감사 인사를 전함.</li><li>다음 회의 일정은 2024년 6월 20일로 예정됨.</li></ul><p><br></p><p>위 회의록은 2024년 5월 23일 개발 기획 회의에서 논의된 내용을 바탕으로 작성되었습니다. 추가 문의사항이나 수정 요청이 있을 경우, 담당자에게 연락 바랍니다.</p>','2023-12-21 09:55:55.477000','2023-12-21 개발팀 연말 공지',NULL,1,'1'),(13,'<p>안녕하세요, 개발팀 여러분.</p><p>새로운 프로젝트 진행에 대한 안내를 드립니다. 이번 프로젝트는 회사의 핵심 비즈니스 목표를 달성하기 위해 기획된 중요한 프로젝트입니다. 모든 팀원들이 각자의 역할을 충실히 수행하여 성공적인 프로젝트 완수를 위해 협력해주시기 바랍니다.</p><h4>프로젝트 개요</h4><ul><li><span style=\"color: var(--tw-prose-bold);\">프로젝트명</span>: [프로젝트명]</li><li><span style=\"color: var(--tw-prose-bold);\">목표</span>: [프로젝트 목표 및 기대 효과]</li><li><span style=\"color: var(--tw-prose-bold);\">기간</span>: [시작일] ~ [종료일]</li><li><span style=\"color: var(--tw-prose-bold);\">주요 기능</span>: [주요 기능 및 특징]</li></ul><h4>개발 환경</h4><ul><li><span style=\"color: var(--tw-prose-bold);\">프론트엔드</span>: React</li><li><span style=\"color: var(--tw-prose-bold);\">백엔드</span>: Spring Data JPA</li><li><span style=\"color: var(--tw-prose-bold);\">데이터베이스</span>: [데이터베이스 종류]</li><li><span style=\"color: var(--tw-prose-bold);\">버전 관리</span>: Git</li></ul><h4>주요 일정</h4><ul><li><span style=\"color: var(--tw-prose-bold);\">기획 및 설계</span>: [기간]</li><li><span style=\"color: var(--tw-prose-bold);\">개발</span>: [기간]</li><li><span style=\"color: var(--tw-prose-bold);\">테스트</span>: [기간]</li><li><span style=\"color: var(--tw-prose-bold);\">배포 및 유지보수</span>: [기간]</li></ul><h4>팀 구성 및 역할</h4><ul><li><span style=\"color: var(--tw-prose-bold);\">프로젝트 매니저</span>: [이름] - 전체 프로젝트 관리 및 조정</li><li><span style=\"color: var(--tw-prose-bold);\">프론트엔드 개발</span>: [이름] - UI/UX 설계 및 프론트엔드 구현</li><li><span style=\"color: var(--tw-prose-bold);\">백엔드 개발</span>: [이름] - 서버 로직 및 데이터베이스 관리</li><li><span style=\"color: var(--tw-prose-bold);\">QA</span>: [이름] - 테스트 및 품질 관리</li></ul><h4>협업 도구</h4><ul><li><span style=\"color: var(--tw-prose-bold);\">프로젝트 관리</span>: [Jira, Trello 등]</li><li><span style=\"color: var(--tw-prose-bold);\">커뮤니케이션</span>: [Slack, Microsoft Teams 등]</li><li><span style=\"color: var(--tw-prose-bold);\">문서 관리</span>: [Confluence, Google Docs 등]</li></ul><h4>기타 안내 사항</h4><ul><li><span style=\"color: var(--tw-prose-bold);\">주간 회의</span>: 매주 [요일] [시간]에 정기 회의를 진행합니다.</li><li><span style=\"color: var(--tw-prose-bold);\">보고서 제출</span>: 매주 [요일]까지 주간 보고서를 제출해주세요.</li><li><span style=\"color: var(--tw-prose-bold);\">문의사항</span>: 프로젝트 관련 문의는 [프로젝트 매니저]에게 연락 바랍니다.</li></ul><p>모두가 협력하여 프로젝트가 성공적으로 완료될 수 있도록 최선을 다해주시기 바랍니다. 많은 참여와 성원 부탁드립니다.</p><p>감사합니다.</p>','2024-03-01 09:56:31.487000','2024-03-01 개발팀 신규 프로젝트 진행','2024-05-31 09:56:52.198000',1,'1'),(14,'<p><strong style=\"color: var(--tw-prose-bold);\">참석자</strong></p><p>-이후영 (개발팀)</p><p>-이진우 (기획팀)</p><p>-김개발</p><p><br></p><p><strong style=\"color: var(--tw-prose-bold);\">회의 장소</strong></p><p>: 본사 회의실 B</p><p><br></p><p><strong style=\"color: var(--tw-prose-bold);\">회의 목적</strong></p><p>: 2분기 개발 기획 논의 및 목표 설정</p><h4><br></h4><h4>1. 1분기 성과 리뷰</h4><ul><li>이후영 대리가 1분기 성과를 보고함:</li><li class=\"ql-indent-1\">사용자 피드백 반영을 통한 UI 개선</li><li class=\"ql-indent-1\">신규 기능 3개 릴리스 완료</li><li class=\"ql-indent-1\">시스템 안정성 95% 달성</li><li>김개발 개발 개선 사항을 설명함:</li><li class=\"ql-indent-1\">API 응답 속도 20% 향상</li><li class=\"ql-indent-1\">데이터베이스 최적화 작업 완료</li></ul><h4>2. 2분기 목표 설정</h4><ul><li>이진우 대리가 2분기 목표를 제시함:</li><li class=\"ql-indent-1\">사용자 경험 개선을 위한 인터페이스 업그레이드</li><li class=\"ql-indent-1\">신규 기능 5개 개발 및 배포</li><li class=\"ql-indent-1\">시스템 안정성 98% 달성</li><li>참석자들 간의 논의를 통해 목표에 대한 구체적인 실행 방안을 마련함.</li></ul><h4>3. 주요 과제 및 일정</h4><ul><li>김개발이 프론트엔드,&nbsp;<span style=\"color: rgb(33, 37, 41);\">백엔드</span>&nbsp;주요 과제와 일정을 설명함:</li><li class=\"ql-indent-1\">리액트 버전 업데이트 (6월 말 완료 예정)</li><li class=\"ql-indent-1\">신규 대시보드 UI 개발 (7월 중순 완료 예정)</li><li class=\"ql-indent-1\">신규 API 개발 (6월 말 완료 예정)</li><li class=\"ql-indent-1\">데이터베이스 스케일링 작업 (7월 중순 완료 예정)</li></ul><h4>4. 디자인 개선 논의</h4><ul><li>이진우 대리가 디자인 개선 방안을 제안함:</li><li class=\"ql-indent-1\">사용자 피드백 반영한 UI/UX 개선</li><li class=\"ql-indent-1\">브랜드 일관성을 위한 디자인 가이드라인 수립</li><li>참석자들이 디자인 개선 방안에 동의하고, 세부 사항을 추가 논의함.</li></ul><h4>5. 기타 논의 사항</h4><ul><li>이후영 대리가 팀 간 협업 강화를 위한 정기 회의 제안을 함:</li><li class=\"ql-indent-1\">매주 월요일 오전 10시 팀 회의 개최</li><li>참석자들이 제안에 동의하고, 첫 회의 일정을 확정함.</li></ul><h4>6. 회의 종료 및 다음 회의 일정</h4><ul><li>이후영 대리가 회의를 마무리하며 참석자들에게 감사 인사를 전함.</li><li>다음 회의 일정은 2024년 6월 20일로 예정됨.</li></ul><p><br></p><p>위 회의록은 2024년 5월 23일 개발 기획 회의에서 논의된 내용을 바탕으로 작성되었습니다. 추가 문의사항이나 수정 요청이 있을 경우, 담당자에게 연락 바랍니다.</p>','2024-03-25 09:57:33.126000','2024-03-25 신규 프로젝트 회의록',NULL,1,'1'),(15,'<p><strong style=\"color: var(--tw-prose-bold);\">참석자</strong></p><p>-이후영 (개발팀)</p><p>-이진우 (기획팀)</p><p>-김개발</p><p><br></p><p><strong style=\"color: var(--tw-prose-bold);\">회의 장소</strong></p><p>: 본사 회의실 B</p><p><br></p><p><strong style=\"color: var(--tw-prose-bold);\">회의 목적</strong></p><p>: 2분기 개발 기획 논의 및 목표 설정</p><h4><br></h4><h4>1. 1분기 성과 리뷰</h4><ul><li>이후영 대리가 1분기 성과를 보고함:</li><li class=\"ql-indent-1\">사용자 피드백 반영을 통한 UI 개선</li><li class=\"ql-indent-1\">신규 기능 3개 릴리스 완료</li><li class=\"ql-indent-1\">시스템 안정성 95% 달성</li><li>김개발 개발 개선 사항을 설명함:</li><li class=\"ql-indent-1\">API 응답 속도 20% 향상</li><li class=\"ql-indent-1\">데이터베이스 최적화 작업 완료</li></ul><h4>2. 2분기 목표 설정</h4><ul><li>이진우 대리가 2분기 목표를 제시함:</li><li class=\"ql-indent-1\">사용자 경험 개선을 위한 인터페이스 업그레이드</li><li class=\"ql-indent-1\">신규 기능 5개 개발 및 배포</li><li class=\"ql-indent-1\">시스템 안정성 98% 달성</li><li>참석자들 간의 논의를 통해 목표에 대한 구체적인 실행 방안을 마련함.</li></ul><h4>3. 주요 과제 및 일정</h4><ul><li>김개발이 프론트엔드,&nbsp;<span style=\"color: rgb(33, 37, 41);\">백엔드</span>&nbsp;주요 과제와 일정을 설명함:</li><li class=\"ql-indent-1\">리액트 버전 업데이트 (6월 말 완료 예정)</li><li class=\"ql-indent-1\">신규 대시보드 UI 개발 (7월 중순 완료 예정)</li><li class=\"ql-indent-1\">신규 API 개발 (6월 말 완료 예정)</li><li class=\"ql-indent-1\">데이터베이스 스케일링 작업 (7월 중순 완료 예정)</li></ul><h4>4. 디자인 개선 논의</h4><ul><li>이진우 대리가 디자인 개선 방안을 제안함:</li><li class=\"ql-indent-1\">사용자 피드백 반영한 UI/UX 개선</li><li class=\"ql-indent-1\">브랜드 일관성을 위한 디자인 가이드라인 수립</li><li>참석자들이 디자인 개선 방안에 동의하고, 세부 사항을 추가 논의함.</li></ul><h4>5. 기타 논의 사항</h4><ul><li>이후영 대리가 팀 간 협업 강화를 위한 정기 회의 제안을 함:</li><li class=\"ql-indent-1\">매주 월요일 오전 10시 팀 회의 개최</li><li>참석자들이 제안에 동의하고, 첫 회의 일정을 확정함.</li></ul><h4>6. 회의 종료 및 다음 회의 일정</h4><ul><li>이후영 대리가 회의를 마무리하며 참석자들에게 감사 인사를 전함.</li><li>다음 회의 일정은 2024년 6월 20일로 예정됨.</li></ul><p><br></p><p>위 회의록은 2024년 5월 23일 개발 기획 회의에서 논의된 내용을 바탕으로 작성되었습니다. 추가 문의사항이나 수정 요청이 있을 경우, 담당자에게 연락 바랍니다.</p>','2024-04-18 09:57:58.489000','2024-04-18 신규 프로젝트 중간 점검',NULL,1,'1'),(16,'<p><strong style=\"color: var(--tw-prose-bold);\">참석자</strong></p><p>-이후영 (개발팀)</p><p>-이진우 (기획팀)</p><p>-김개발</p><p><br></p><p><strong style=\"color: var(--tw-prose-bold);\">회의 장소</strong></p><p>: 본사 회의실 B</p><p><br></p><p><strong style=\"color: var(--tw-prose-bold);\">회의 목적</strong></p><p>: 2분기 개발 기획 논의 및 목표 설정</p><h4><br></h4><h4>1. 1분기 성과 리뷰</h4><ul><li>이후영 대리가 1분기 성과를 보고함:</li><li class=\"ql-indent-1\">사용자 피드백 반영을 통한 UI 개선</li><li class=\"ql-indent-1\">신규 기능 3개 릴리스 완료</li><li class=\"ql-indent-1\">시스템 안정성 95% 달성</li><li>김개발 개발 개선 사항을 설명함:</li><li class=\"ql-indent-1\">API 응답 속도 20% 향상</li><li class=\"ql-indent-1\">데이터베이스 최적화 작업 완료</li></ul><h4>2. 2분기 목표 설정</h4><ul><li>이진우 대리가 2분기 목표를 제시함:</li><li class=\"ql-indent-1\">사용자 경험 개선을 위한 인터페이스 업그레이드</li><li class=\"ql-indent-1\">신규 기능 5개 개발 및 배포</li><li class=\"ql-indent-1\">시스템 안정성 98% 달성</li><li>참석자들 간의 논의를 통해 목표에 대한 구체적인 실행 방안을 마련함.</li></ul><h4>3. 주요 과제 및 일정</h4><ul><li>김개발이 프론트엔드,&nbsp;<span style=\"color: rgb(33, 37, 41);\">백엔드</span>&nbsp;주요 과제와 일정을 설명함:</li><li class=\"ql-indent-1\">리액트 버전 업데이트 (6월 말 완료 예정)</li><li class=\"ql-indent-1\">신규 대시보드 UI 개발 (7월 중순 완료 예정)</li><li class=\"ql-indent-1\">신규 API 개발 (6월 말 완료 예정)</li><li class=\"ql-indent-1\">데이터베이스 스케일링 작업 (7월 중순 완료 예정)</li></ul><h4>4. 디자인 개선 논의</h4><ul><li>이진우 대리가 디자인 개선 방안을 제안함:</li><li class=\"ql-indent-1\">사용자 피드백 반영한 UI/UX 개선</li><li class=\"ql-indent-1\">브랜드 일관성을 위한 디자인 가이드라인 수립</li><li>참석자들이 디자인 개선 방안에 동의하고, 세부 사항을 추가 논의함.</li></ul><h4>5. 기타 논의 사항</h4><ul><li>이후영 대리가 팀 간 협업 강화를 위한 정기 회의 제안을 함:</li><li class=\"ql-indent-1\">매주 월요일 오전 10시 팀 회의 개최</li><li>참석자들이 제안에 동의하고, 첫 회의 일정을 확정함.</li></ul><h4>6. 회의 종료 및 다음 회의 일정</h4><ul><li>이후영 대리가 회의를 마무리하며 참석자들에게 감사 인사를 전함.</li><li>다음 회의 일정은 2024년 6월 20일로 예정됨.</li></ul><p><br></p><p>위 회의록은 2024년 5월 23일 개발 기획 회의에서 논의된 내용을 바탕으로 작성되었습니다. 추가 문의사항이나 수정 요청이 있을 경우, 담당자에게 연락 바랍니다.</p>','2024-05-16 09:58:48.558000','2024-05-16 프로젝트 진행사항 공유 회의록',NULL,1,'1'),(17,'<p>안녕하세요, 신입사원 여러분!</p><p><br></p><p>데블에 오신 것을 환영합니다.&nbsp;</p><p>여러분의 성공적인 업무 적응을 위해 아래와 같이 업무 매뉴얼을 안내드립니다.&nbsp;</p><p>꼼꼼히 읽어보시고, 궁금한 점이 있으면 언제든지 문의해 주세요.</p><p><br></p><p>1. 기본 사항</p><p>근무 시간: 월요일 ~ 금요일: 오전 9시 ~ 오후 6시</p><p>점심 시간: 오후 12시 ~ 오후 1시</p><p><br></p><p>연락처</p><p>대리: 이후영 (내선번호: 101)</p><p>인사 담당자: 박다은 (내선번호: 102)</p><p>기획 담당자: 이진우 (내선번호: 103)</p><p><br></p><p>2. 개발 환경 설정</p><p>필수 소프트웨어</p><p>Visual Studio Code / IntelliJ</p><p>Git</p><p>Docker</p><p><br></p><p>시스템 접근 권한</p><p>회사 메일 계정 및 시스템 접근 권한은 첫 출근일에 제공됩니다.</p><p>GitHub 조직 초대는 별도로 발송됩니다.</p><p><br></p><p>3. 코드 규칙 및 협업 도구</p><p>코드 스타일 가이드</p><p><br></p><p>데블 코드 스타일 가이드는 여기를 참고하세요.</p><p>반드시 팀의 코드 리뷰를 거쳐야 합니다.</p><p>버전 관리</p><p><br></p><p>Git을 사용하여 모든 프로젝트를 관리합니다.</p><p>브랜치 전략: main, develop, feature/{기능명}</p><p>커밋 메시지 규칙: [타입] #이슈번호 - 메시지</p><p>프로젝트 관리</p><p><br></p><p>JIRA를 통해 모든 프로젝트와 이슈를 관리합니다.</p><p>매주 월요일 오전 10시에 스프린트 계획 회의를 진행합니다.</p><p><br></p><p>4. 업무 프로세스</p><p>업무 할당 및 보고</p><p><br></p><p>업무는 git를 통해 할당되며, 완료 후 반드시 git에 상태를 업데이트합니다.</p><p>매일 오전 9시 30분에 데일리 스탠드업 미팅이 있습니다.</p><p>코드 리뷰</p><p><br></p><p>모든 코드는 최소 두 명의 동료에게 리뷰를 받아야 합니다.</p><p>리뷰 요청은 Slack의 #code-review 채널을 통해 진행합니다.</p><p><br></p><p>5. 교육 및 지원</p><p>멘토링 프로그램</p><p><br></p><p>각 신입사원에게 멘토가 배정됩니다.</p><p>멘토는 업무 적응과 기술적인 지원을 도와줄 것입니다.</p><p>첫 주에는 멘토와의 1:1 미팅을 매일 진행합니다.</p><p>교육 자료</p><p>개발팀 내부 자료실에 다양한 교육 자료가 준비되어 있습니다. 여기를 통해 접근 가능합니다.</p><p><br></p><p>6. 기타 참고 사항</p><p>기술 문서 작성</p><p><br></p><p>모든 개발 작업은 관련 기술 문서를 작성해야 합니다.</p><p>문서 템플릿은 여기에서 다운로드할 수 있습니다.</p><p>보안 규칙</p><p><br></p><p>모든 코드와 데이터는 회사 정책에 따라 보안 절차를 준수해야 합니다.</p><p>외부로의 코드 유출 금지, 회사 기밀 유출 금지</p><p>여러분의 성공적인 적응을 위해 최선을 다해 지원하겠습니다. 함께 멋진 성과를 이루어 나가길 기대합니다. 많은 협조 부탁드립니다.</p><p><br></p><p>환영합니다!</p>','2024-05-31 10:02:22.828000','[ 중요 ] 개발팀 업무 메뉴얼','2024-05-31 10:02:58.169000',1,'1');
/*!40000 ALTER TABLE `tbl_board` ENABLE KEYS */;
UNLOCK TABLES;

--
-- Table structure for table `tbl_board_file`
--

DROP TABLE IF EXISTS `tbl_board_file`;
/*!40101 SET @saved_cs_client     = @@character_set_client */;
/*!50503 SET character_set_client = utf8mb4 */;
CREATE TABLE `tbl_board_file` (
  `board_file_no` int NOT NULL AUTO_INCREMENT,
  `board_file_name` varchar(255) NOT NULL,
  `board_file_ori_name` varchar(255) NOT NULL,
  `board_file_path` varchar(255) NOT NULL,
  `board_no` int NOT NULL,
  PRIMARY KEY (`board_file_no`)
) ENGINE=InnoDB AUTO_INCREMENT=14 DEFAULT CHARSET=utf8mb4 COLLATE=utf8mb4_0900_ai_ci;
/*!40101 SET character_set_client = @saved_cs_client */;

--
-- Dumping data for table `tbl_board_file`
--

LOCK TABLES `tbl_board_file` WRITE;
/*!40000 ALTER TABLE `tbl_board_file` DISABLE KEYS */;
INSERT INTO `tbl_board_file` VALUES (1,'스크린샷 2024-03-20 114151.pngfdd0477a2e784ccea69f9fe90593ae9a','스크린샷 2024-03-20 114151.png','스크린샷 2024-03-20 114151.pngfdd0477a2e784ccea69f9fe90593ae9a.png',4),(2,'1분기 성과보고서.hwp8dab61633a6a40ceacb84cca398140aa','1분기 성과보고서.hwp','1분기 성과보고서.hwp8dab61633a6a40ceacb84cca398140aa.hwp',1),(3,'2분기 목표 및 일정.hwpe47864bf5de54b3e8f7133ed7b440e2b','2분기 목표 및 일정.hwp','2분기 목표 및 일정.hwpe47864bf5de54b3e8f7133ed7b440e2b.hwp',1),(4,'데이터 동기화 문제 해결 방안_2024.05.28.xlsx3db674ec731945c985921064b8341598','데이터 동기화 문제 해결 방안_2024.05.28.xlsx','데이터 동기화 문제 해결 방안_2024.05.28.xlsx3db674ec731945c985921064b8341598.xlsx',2),(5,'외부 컨설턴트 피드백 및 제안 사항_2024.05.28.xlsxdc726cb30bae422db6b4ca448b4938a6','외부 컨설턴트 피드백 및 제안 사항_2024.05.28.xlsx','외부 컨설턴트 피드백 및 제안 사항_2024.05.28.xlsxdc726cb30bae422db6b4ca448b4938a6.xlsx',2),(6,'프로젝트 진행상황보고서_2024.05.28.xlsx2cfea01149f1485490735f904d874da3','프로젝트 진행상황보고서_2024.05.28.xlsx','프로젝트 진행상황보고서_2024.05.28.xlsx2cfea01149f1485490735f904d874da3.xlsx',2),(8,'개발팀 업무매뉴얼.xlsx7498a56826f54e66bdedc3bf05098383','개발팀 업무매뉴얼.xlsx','개발팀 업무매뉴얼.xlsx7498a56826f54e66bdedc3bf05098383.xlsx',7),(9,'업무 양식.hwpe4854cf04c9047f09540fa8db1073d26','업무 양식.hwp','업무 양식.hwpe4854cf04c9047f09540fa8db1073d26.hwp',7),(10,'외부 컨설턴트 모음.xlsxb458644524de4dfbad1a6a0c62a761ca','외부 컨설턴트 모음.xlsx','외부 컨설턴트 모음.xlsxb458644524de4dfbad1a6a0c62a761ca.xlsx',7),(11,'개발팀 업무매뉴얼.xlsx1b9bcf85a8cd408d8dc60915281fdad8','개발팀 업무매뉴얼.xlsx','개발팀 업무매뉴얼.xlsx1b9bcf85a8cd408d8dc60915281fdad8.xlsx',17),(12,'업무 양식.hwpfe89d35418df4ee6976fe458a7bcad35','업무 양식.hwp','업무 양식.hwpfe89d35418df4ee6976fe458a7bcad35.hwp',17),(13,'외부 컨설턴트 모음.xlsx9ab93a79b3b94b96b8f7d690d4542833','외부 컨설턴트 모음.xlsx','외부 컨설턴트 모음.xlsx9ab93a79b3b94b96b8f7d690d4542833.xlsx',17);
/*!40000 ALTER TABLE `tbl_board_file` ENABLE KEYS */;
UNLOCK TABLES;

--
-- Table structure for table `tbl_comment`
--

DROP TABLE IF EXISTS `tbl_comment`;
/*!40101 SET @saved_cs_client     = @@character_set_client */;
/*!50503 SET character_set_client = utf8mb4 */;
CREATE TABLE `tbl_comment` (
  `comment_no` int NOT NULL AUTO_INCREMENT,
  `comment_content` varchar(255) NOT NULL,
  `comment_create_dt` datetime(6) NOT NULL,
  `comment_update_dt` datetime(6) DEFAULT NULL,
  `delete_comment` bit(1) DEFAULT NULL,
  `member_name` varchar(255) NOT NULL,
  `member_no` varchar(255) NOT NULL,
  `position_name` varchar(255) NOT NULL,
  `board_no` int NOT NULL,
  `parent_comment_no` int DEFAULT NULL,
  PRIMARY KEY (`comment_no`),
  KEY `FKo6u4ieo0389yr9asoignshhsf` (`board_no`),
  KEY `FKia0dg5s1h4d1aayr76q0b223c` (`parent_comment_no`),
  CONSTRAINT `FKia0dg5s1h4d1aayr76q0b223c` FOREIGN KEY (`parent_comment_no`) REFERENCES `tbl_comment` (`comment_no`),
  CONSTRAINT `FKo6u4ieo0389yr9asoignshhsf` FOREIGN KEY (`board_no`) REFERENCES `tbl_board` (`board_no`)
) ENGINE=InnoDB AUTO_INCREMENT=7 DEFAULT CHARSET=utf8mb4 COLLATE=utf8mb4_0900_ai_ci;
/*!40101 SET character_set_client = @saved_cs_client */;

--
-- Dumping data for table `tbl_comment`
--

LOCK TABLES `tbl_comment` WRITE;
/*!40000 ALTER TABLE `tbl_comment` DISABLE KEYS */;
INSERT INTO `tbl_comment` VALUES (1,'수정된 신제품 개발 자료 업데이트 부탁드립니다....','2024-05-28 15:18:11.259000','2024-05-29 09:51:12.788000',_binary '\0','남윤진','2405953','대표',1,NULL),(2,'미팅 회의록 자료 부탁드립니다.','2024-05-28 15:18:33.887000',NULL,_binary '\0','남윤진','2405953','대표',3,NULL),(3,'댓글 등록','2024-05-28 15:46:47.602000',NULL,_binary '\0','남윤진','2405953','대표',2,NULL),(4,'댓글','2024-05-28 16:18:19.750000',NULL,_binary '\0','박다은','2','팀장',4,NULL),(6,'자료 업데이트 한 게시물로 변경하였습니다.','2024-05-30 22:44:47.607000',NULL,_binary '','이후영','1','대리',1,1);
/*!40000 ALTER TABLE `tbl_comment` ENABLE KEYS */;
UNLOCK TABLES;

--
-- Table structure for table `tbl_dep`
--

DROP TABLE IF EXISTS `tbl_dep`;
/*!40101 SET @saved_cs_client     = @@character_set_client */;
/*!50503 SET character_set_client = utf8mb4 */;
CREATE TABLE `tbl_dep` (
  `dep_no` int NOT NULL AUTO_INCREMENT,
  `dep_name` varchar(255) DEFAULT NULL,
  `dep_status` char(1) DEFAULT NULL,
  `dep_leader` varchar(255) DEFAULT NULL,
  `dpt_no` int NOT NULL,
  PRIMARY KEY (`dep_no`)
) ENGINE=InnoDB AUTO_INCREMENT=13 DEFAULT CHARSET=utf8mb4 COLLATE=utf8mb4_0900_ai_ci;
/*!40101 SET character_set_client = @saved_cs_client */;

--
-- Dumping data for table `tbl_dep`
--

LOCK TABLES `tbl_dep` WRITE;
/*!40000 ALTER TABLE `tbl_dep` DISABLE KEYS */;
INSERT INTO `tbl_dep` VALUES (1,'개발팀','Y','이후영',0),(2,'인사팀','Y','박다은',0),(3,'기획팀','Y','이진우',0),(4,'회계팀','Y','최승욱',0),(5,'법무팀','Y','김현지',0),(6,'총무팀','Y','김총무',0);
/*!40000 ALTER TABLE `tbl_dep` ENABLE KEYS */;
UNLOCK TABLES;

--
-- Table structure for table `tbl_department`
--

DROP TABLE IF EXISTS `tbl_department`;
/*!40101 SET @saved_cs_client     = @@character_set_client */;
/*!50503 SET character_set_client = utf8mb4 */;
CREATE TABLE `tbl_department` (
  `dpt_no` int NOT NULL,
  PRIMARY KEY (`dpt_no`)
) ENGINE=InnoDB DEFAULT CHARSET=utf8mb4 COLLATE=utf8mb4_0900_ai_ci;
/*!40101 SET character_set_client = @saved_cs_client */;

--
-- Dumping data for table `tbl_department`
--

LOCK TABLES `tbl_department` WRITE;
/*!40000 ALTER TABLE `tbl_department` DISABLE KEYS */;
INSERT INTO `tbl_department` VALUES (1),(2),(3),(4),(5),(6),(7),(8),(9),(10);
/*!40000 ALTER TABLE `tbl_department` ENABLE KEYS */;
UNLOCK TABLES;

--
-- Table structure for table `tbl_form`
--

DROP TABLE IF EXISTS `tbl_form`;
/*!40101 SET @saved_cs_client     = @@character_set_client */;
/*!50503 SET character_set_client = utf8mb4 */;
CREATE TABLE `tbl_form` (
  `form_no` int NOT NULL,
  `form_contents` longtext NOT NULL,
  `form_name` varchar(255) NOT NULL,
  PRIMARY KEY (`form_no`)
) ENGINE=InnoDB DEFAULT CHARSET=utf8mb4 COLLATE=utf8mb4_0900_ai_ci;
/*!40101 SET character_set_client = @saved_cs_client */;

--
-- Dumping data for table `tbl_form`
--

LOCK TABLES `tbl_form` WRITE;
/*!40000 ALTER TABLE `tbl_form` DISABLE KEYS */;
INSERT INTO `tbl_form` VALUES (1,'<h1 style=\"text-align: center;\">업무 제안서</h1>\n    <table style=\"border-collapse: collapse; width: 100%; border-width: 1px; border-color: #000000;\" border=\"1\"><colgroup><col style=\"width: 20%;\"><col style=\"width: 80%;\"></colgroup>\n    <tbody>\n    <tr style=\"height: 45px;\">\n    <td style=\"border-color: #000000; background-color: #f2f2f2; text-align: center;\">제안 제목</td>\n    <td style=\"border-color: #000000; text-align: left;\">&nbsp;</td>\n    </tr>\n    <tr style=\"height: 90px;\">\n    <td style=\"border-color: #000000; background-color: #f2f2f2; text-align: center;\">제안 동기</td>\n    <td style=\"border-color: #000000; text-align: left;\">&nbsp;</td>\n    </tr>\n    </tbody>\n    </table>\n    <p>&nbsp;</p>\n    <table style=\"border-collapse: collapse; width: 100%; border-width: 1px; border-color: #000000;\" border=\"1\"><colgroup><col style=\"width: 20;\"><col style=\"width: 80%;\"></colgroup>\n    <tbody>\n    <tr style=\"height: 150px;\">\n    <td style=\"border-color: #000000; background-color: #f2f2f2; text-align: center;\">내용</td>\n    <td style=\"border-color: #000000; text-align: left;\">&nbsp;</td>\n    </tr>\n    <tr style=\"height: 150px;\">\n    <td style=\"border-color: #000000; background-color: #f2f2f2; text-align: center;\">근거</td>\n    <td style=\"border-color: #000000; text-align: left;\">&nbsp;</td>\n    </tr>\n    <tr style=\"height: 150px;\">\n    <td style=\"border-color: #000000; background-color: #f2f2f2; text-align: center;\">기대효과</td>\n    <td style=\"border-color: #000000; text-align: left;\">&nbsp;</td>\n    </tr>\n    <tr style=\"height: 150px;\">\n    <td style=\"border-color: #000000; background-color: #f2f2f2; text-align: center;\">적용범위</td>\n    <td style=\"border-color: #000000; text-align: left;\">&nbsp;</td>\n    </tr>\n    <tr style=\"height: 150px;\">\n    <td style=\"border-color: #000000; background-color: #f2f2f2; text-align: center;\">비고</td>\n    <td style=\"border-color: #000000; text-align: left;\">&nbsp;</td>\n    </tr>\n    </tbody>\n    </table>\n    <p><br><br></p>','업무제안'),(2,'<h1 style=\"text-align: center;\">출장 신청서</h1>\n    <table style=\"border-collapse: collapse; width: 100%; border-width: 1px; border-color: #000000;\" border=\"1\"><colgroup><col style=\"width: 20.1583%;\"><col style=\"width: 79.9349%;\"></colgroup>\n    <tbody>\n    <tr>\n    <tr style=\"height: 38px;\">\n    <td style=\"text-align: center; border-color: #000000; background-color: #f2f2f2;\">시행자</td>\n    <td style=\"border-color: #000000;\">&nbsp;</td>\n    </tr>\n    <tr>\n    <tr style=\"height: 38px;\">\n    <td style=\"text-align: center; border-color: #000000; background-color: #f2f2f2;\">시행일자</td>\n    <td style=\"border-color: #000000;\">&nbsp;</td>\n    </tr>\n    </tbody>\n    </table>\n    <p>&nbsp;</p>\n    <table style=\"border-collapse: collapse; width: 100%; border-width: 1px; border-color: #000000;\" border=\"1\"><colgroup><col style=\"width: 20.0373%;\"><col style=\"width: 20.0373%;\"><col style=\"width: 20.0373%;\"><col style=\"width: 20.0373%;\"><col style=\"width: 19.8509%;\"></colgroup>\n    <tbody>\n    <tr style=\"height: 38px;\">\n    <td style=\"text-align: center; border-color: #000000; background-color: #f2f2f2;\" rowspan=\"3\">출장자</td>\n    <td style=\"text-align: center; border-color: #000000; background-color: #f2f2f2;\">소속</td>\n    <td style=\"text-align: center; border-color: #000000; background-color: #f2f2f2;\">성명</td>\n    <td style=\"text-align: center; border-color: #000000; background-color: #f2f2f2;\">직급</td>\n    <td style=\"text-align: center; border-color: #000000; background-color: #f2f2f2;\">사번</td>\n    </tr>\n    <tr style=\"height: 38px;\">\n    <td style=\"text-align: center; border-color: #000000;\">&nbsp;</td>\n    <td style=\"text-align: center; border-color: #000000;\">&nbsp;</td>\n    <td style=\"text-align: center; border-color: #000000;\">&nbsp;</td>\n    <td style=\"text-align: center; border-color: #000000;\">&nbsp;</td>\n    </tr>\n    <tr style=\"height: 38px;\">\n    <td style=\"text-align: center; border-color: #000000;\">&nbsp;</td>\n    <td style=\"text-align: center; border-color: #000000;\">&nbsp;</td>\n    <td style=\"text-align: center; border-color: #000000;\">&nbsp;</td>\n    <td style=\"text-align: center; border-color: #000000;\">&nbsp;</td>\n    </tr>\n    <tr style=\"height: 100px;\">\n    <td style=\"text-align: center; border-color: #000000; background-color: #f2f2f2;\">출장지</td>\n    <td style=\"text-align: center; border-color: #000000;\" colspan=\"4\">&nbsp;</td>\n    </tr>\n    <tr style=\"height: 38px;\">\n    <td style=\"text-align: center; border-color: #000000; background-color: #f2f2f2;\" rowspan=\"3\">출장일정별</td>\n    <td style=\"text-align: center; border-color: #000000; background-color: #f2f2f2;\">일자</td>\n    <td style=\"text-align: center; border-color: #000000; background-color: #f2f2f2;\">방문처</td>\n    <td style=\"text-align: center; border-color: #000000; background-color: #f2f2f2;\" colspan=\"2\">업무내용</td>\n    </tr>\n    <tr style=\"height: 38px;\">\n    <td style=\"text-align: center; border-color: #000000;\">&nbsp;</td>\n    <td style=\"text-align: center; border-color: #000000;\">&nbsp;</td>\n    <td style=\"text-align: center; border-color: #000000;\" colspan=\"2\">&nbsp;</td>\n    </tr>\n    <tr style=\"height: 33.3906px;\">\n    <td style=\"text-align: center; border-color: #000000;\">&nbsp;</td>\n    <td style=\"text-align: center; border-color: #000000;\">&nbsp;</td>\n    <td style=\"text-align: center; border-color: #000000;\" colspan=\"2\">&nbsp;</td>\n    </tr>\n    <tr style=\"height: 38.0156px;\">\n    <td style=\"text-align: center; border-color: #000000; background-color: #f2f2f2;\" rowspan=\"4\">출장비</td>\n    <td style=\"text-align: center; border-color: #000000; background-color: #f2f2f2;\">항목</td>\n    <td style=\"text-align: center; border-color: #000000; background-color: #f2f2f2;\">금액</td>\n    <td style=\"text-align: center; border-color: #000000; background-color: #f2f2f2;\" colspan=\"2\">산출내역</td>\n    </tr>\n    <tr style=\"height: 33.3906px;\">\n    <td style=\"text-align: center; border-color: #000000;\">&nbsp;</td>\n    <td style=\"text-align: center; border-color: #000000;\">&nbsp;</td>\n    <td style=\"text-align: center; border-color: #000000;\" colspan=\"2\">&nbsp;</td>\n    </tr>\n    <tr style=\"height: 33.3906px;\">\n    <td style=\"text-align: center; border-color: #000000;\">&nbsp;</td>\n    <td style=\"text-align: center; border-color: #000000;\">&nbsp;</td>\n    <td style=\"text-align: center; border-color: #000000;\" colspan=\"2\">&nbsp;</td>\n    </tr>\n    <tr style=\"height: 33.3906px;\">\n    <td style=\"text-align: center; border-color: #000000;\">계</td>\n    <td style=\"text-align: center; border-color: #000000;\">&nbsp;</td>\n    <td style=\"text-align: center; border-color: #000000;\" colspan=\"2\">&nbsp;</td>\n    </tr>\n    <tr style=\"height: 200px;\">\n    <td style=\"text-align: center; border-color: #000000; background-color: #f2f2f2;\">비고</td>\n    <td style=\"text-align: center; border-color: #000000;\" colspan=\"4\">&nbsp;</td>\n    </tr>\n    </tbody>\n    </table>','출장'),(3,'<h1 style=\"text-align: center;\">휴가 신청서</h1>\n<table style=\"border-collapse: collapse; width: 100%; border-width: 1px; border-color: #000000;\" border=\"1\">\n<tbody>\n<tr style=\"height: 45px;\">\n<td style=\"text-align: center; border-color: #000000; background-color: #f2f2f2; width: 100%;\" colspan=\"3\">신청 내역</td>\n</tr>\n<tr style=\"height: 60px;\">\n<td style=\"text-align: center; border-color: #000000; background-color: #f2f2f2; width: 20%;\">휴가 구분</td>\n<td style=\"text-align: center; border-color: #000000; width: 80;\" colspan=\"2\"><span style=\"color: #949494;\">ex) 연차, 오전반차, 오후반차, 경조, 공가, 병가, 기타</span></td>\n</tr>\n<tr style=\"height: 45px;\">\n<td style=\"text-align: center; border-color: #000000; background-color: #f2f2f2; width: 20%;\" rowspan=\"2\">휴가 기간</td>\n<td style=\"text-align: center; border-color: #000000; width: 70;\">년&nbsp; 월&nbsp; 일&nbsp; 시</td>\n<td style=\"text-align: center; border-color: #000000; width: 10%;\" rowspan=\"2\">(__일간)</td>\n</tr>\n<tr style=\"height: 45px;\">\n<td style=\"text-align: center; border-color: #000000; width: 69.4305%;\">년&nbsp; 월&nbsp; 일&nbsp; 시</td>\n</tr>\n<tr style=\"height: 300px;\">\n<td style=\"text-align: center; border-color: #000000; background-color: #f2f2f2; width: 17.987%;\">휴가 사유</td>\n<td style=\"border-color: #000000; width: 82.013%;\" colspan=\"2\">&nbsp;</td>\n</tr>\n<tr style=\"height: 120px;\">\n<td style=\"text-align: center; border-color: #000000; background-color: #f2f2f2; width: 17.987%;\">비고</td>\n<td style=\"border-color: #000000; text-align: left; width: 82.013%;\" colspan=\"2\">&nbsp;</td>\n</tr>\n</tbody>\n</table>\n<pre style=\"text-align: center;\"><br>상기와 같이 휴가를 신청하오니 검토 후 승인하여 주시기 바랍니다.<br><br><br><br><br></pre>','휴가'),(4,'<h1 style=\"text-align: center;\">지출 품의서</h1>\n<table style=\"border-collapse: collapse; width: 100%; border-width: 1px; border-color: #000000; height: 40px;\" border=\"1\"><colgroup><col style=\"width: 30%;\"><col style=\"width: 70%;\"></colgroup>\n<tbody>\n<tr style=\"height: 40px;\">\n<td style=\"border-color: #000000; text-align: center; background-color: #f2f2f2;\">금액</td>\n<td style=\"border-color: #000000;\">일금____ 원 정(₩____)</td>\n</tr>\n</tbody>\n</table>\n<p>&nbsp;</p>\n<table style=\"border-collapse: collapse; width: 100%; border-width: 1px; border-color: #000000;\" border=\"1\"><colgroup><col style=\"width: 10%;\"><col style=\"width: 35%;\"><col style=\"width: 20%;\"><col style=\"width: 20%;\"><col style=\"width: 15%;\"></colgroup>\n<tbody>\n<tr>\n<td style=\"border-color: #000000; text-align: center; background-color: #f2f2f2;\">순번</td>\n<td style=\"border-color: #000000; text-align: center; background-color: #f2f2f2;\">적요</td>\n<td style=\"border-color: #000000; text-align: center; background-color: #f2f2f2;\">금액</td>\n<td style=\"border-color: #000000; text-align: center; background-color: #f2f2f2;\">지급방법</td>\n<td style=\"border-color: #000000; text-align: center; background-color: #f2f2f2;\">취급예정일자</td>\n</tr>\n<tr>\n<td style=\"border-color: #000000; text-align: center;\">&nbsp;</td>\n<td style=\"border-color: #000000; text-align: center;\">&nbsp;</td>\n<td style=\"border-color: #000000; text-align: center;\">&nbsp;</td>\n<td style=\"border-color: #000000; text-align: center;\">&nbsp;</td>\n<td style=\"border-color: #000000; text-align: center;\">&nbsp;</td>\n</tr>\n<tr>\n<td style=\"border-color: #000000; text-align: center;\">&nbsp;</td>\n<td style=\"border-color: #000000; text-align: center;\">&nbsp;</td>\n<td style=\"border-color: #000000; text-align: center;\">&nbsp;</td>\n<td style=\"border-color: #000000; text-align: center;\">&nbsp;</td>\n<td style=\"border-color: #000000; text-align: center;\">&nbsp;</td>\n</tr>\n<tr>\n<td style=\"border-color: #000000; text-align: center;\">&nbsp;</td>\n<td style=\"border-color: #000000; text-align: center;\">&nbsp;</td>\n<td style=\"border-color: #000000; text-align: center;\">&nbsp;</td>\n<td style=\"border-color: #000000; text-align: center;\">&nbsp;</td>\n<td style=\"border-color: #000000; text-align: center;\">&nbsp;</td>\n</tr>\n<tr>\n<td style=\"border-color: #000000; text-align: center;\">&nbsp;</td>\n<td style=\"border-color: #000000; text-align: center;\">&nbsp;</td>\n<td style=\"border-color: #000000; text-align: center;\">&nbsp;</td>\n<td style=\"border-color: #000000; text-align: center;\">&nbsp;</td>\n<td style=\"border-color: #000000; text-align: center;\">&nbsp;</td>\n</tr>\n<tr>\n<td style=\"border-color: #000000; text-align: center;\">&nbsp;</td>\n<td style=\"border-color: #000000; text-align: center;\">&nbsp;</td>\n<td style=\"border-color: #000000; text-align: center;\">&nbsp;</td>\n<td style=\"border-color: #000000; text-align: center;\">&nbsp;</td>\n<td style=\"border-color: #000000; text-align: center;\">&nbsp;</td>\n</tr>\n<tr>\n<td style=\"border-color: #000000; text-align: center;\">&nbsp;</td>\n<td style=\"border-color: #000000; text-align: center;\">&nbsp;</td>\n<td style=\"border-color: #000000; text-align: center;\">&nbsp;</td>\n<td style=\"border-color: #000000; text-align: center;\">&nbsp;</td>\n<td style=\"border-color: #000000; text-align: center;\">&nbsp;</td>\n</tr>\n<tr>\n<td style=\"border-color: #000000; text-align: center;\">&nbsp;</td>\n<td style=\"border-color: #000000; text-align: center;\">&nbsp;</td>\n<td style=\"border-color: #000000; text-align: center;\">&nbsp;</td>\n<td style=\"border-color: #000000; text-align: center;\">&nbsp;</td>\n<td style=\"border-color: #000000; text-align: center;\">&nbsp;</td>\n</tr>\n<tr>\n<td style=\"border-color: #000000; text-align: center;\">&nbsp;</td>\n<td style=\"border-color: #000000; text-align: center;\">&nbsp;</td>\n<td style=\"border-color: #000000; text-align: center;\">&nbsp;</td>\n<td style=\"border-color: #000000; text-align: center;\">&nbsp;</td>\n<td style=\"border-color: #000000; text-align: center;\">&nbsp;</td>\n</tr>\n<tr>\n<td style=\"border-color: #000000; text-align: center;\">&nbsp;</td>\n<td style=\"border-color: #000000; text-align: center;\">&nbsp;</td>\n<td style=\"border-color: #000000; text-align: center;\">&nbsp;</td>\n<td style=\"border-color: #000000; text-align: center;\">&nbsp;</td>\n<td style=\"border-color: #000000; text-align: center;\">&nbsp;</td>\n</tr>\n<tr>\n<td style=\"border-color: #000000; text-align: center;\">&nbsp;</td>\n<td style=\"border-color: #000000; text-align: center;\">&nbsp;</td>\n<td style=\"border-color: #000000; text-align: center;\">&nbsp;</td>\n<td style=\"border-color: #000000; text-align: center;\">&nbsp;</td>\n<td style=\"border-color: #000000; text-align: center;\">&nbsp;</td>\n</tr>\n<tr>\n<td style=\"border-color: #000000; text-align: center; background-color: #f2f2f2;\" colspan=\"2\">합계</td>\n<td style=\"border-color: #000000; text-align: center;\">&nbsp;</td>\n<td style=\"border-color: #000000; text-align: center;\">&nbsp;</td>\n<td style=\"border-color: #000000; text-align: center;\">&nbsp;</td>\n</tr>\n<tr>\n<td style=\"border-color: #000000; text-align: center; background-color: #f2f2f2;\" colspan=\"5\">세부사항</td>\n</tr>\n<tr></tr>\n<tr style=\"height: 300px;\">\n<td style=\"border-color: #000000; text-align: left;\" colspan=\"5\">&nbsp;</td>\n</tr>\n</tbody>\n</table>\n<pre style=\"text-align: center;\"><br>상기금액을 지출하고자 하오니 검토 후 재가하여 주시기 바랍니다.<br><br><br></pre>','지출품의'),(5,'<h1 style=\"text-align: center;\">개인정보 수정 신청서</h1>\n    <table style=\"border-collapse: collapse; width: 100%; border-width: 1px; border-color: #000000;\" border=\"1\"><colgroup><col style=\"width: 20;\"><col style=\"width: 40%;\"><col style=\"width: 40%;\"></colgroup>\n    <tbody>\n    <tr style=\"height: 45px;\">\n    <td style=\"text-align: center; background-color: #f2f2f2; border-color: #000000;\">신청인</td>\n    <td style=\"text-align: center; border-color: #000000;\" colspan=\"2\">&nbsp;</td>\n    </tr>\n    <tr style=\"height: 45px;\">\n    <td style=\"text-align: center; background-color: #f2f2f2; border-color: #000000;\" rowspan=\"4\">수정 요청 사항</td>\n    <td style=\"text-align: center; background-color: #f2f2f2; border-color: #000000;\">변경 전</td>\n    <td style=\"text-align: center; background-color: #f2f2f2; border-color: #000000;\">변경 후</td>\n    </tr>\n    <tr style=\"height: 45px;\">\n    <td style=\"text-align: center; border-color: #000000;\">&nbsp;</td>\n    <td style=\"text-align: center; border-color: #000000;\">&nbsp;</td>\n    </tr>\n    <tr style=\"height: 45px;\">\n    <td style=\"text-align: center; border-color: #000000;\">&nbsp;</td>\n    <td style=\"text-align: center; border-color: #000000;\">&nbsp;</td>\n    </tr>\n    <tr style=\"height: 45px;\">\n    <td style=\"text-align: center; border-color: #000000;\">&nbsp;</td>\n    <td style=\"text-align: center; border-color: #000000;\">&nbsp;</td>\n    </tr>\n    <tr style=\"height: 200px;\">\n    <td style=\"text-align: center; background-color: #f2f2f2; border-color: #000000;\">비고</td>\n    <td style=\"text-align: center; border-color: #000000;\" colspan=\"2\">&nbsp;</td>\n    </tr>\n    </tbody>\n    </table>\n    <p>&nbsp;</p>','정보수정'),(6,'','기타');
/*!40000 ALTER TABLE `tbl_form` ENABLE KEYS */;
UNLOCK TABLES;

--
-- Table structure for table `tbl_mail`
--

DROP TABLE IF EXISTS `tbl_mail`;
/*!40101 SET @saved_cs_client     = @@character_set_client */;
/*!50503 SET character_set_client = utf8mb4 */;
CREATE TABLE `tbl_mail` (
  `mail_no` int NOT NULL AUTO_INCREMENT,
  `mail_content` varchar(3000) NOT NULL,
  `mail_title` varchar(200) NOT NULL,
  `reply_mail_no` int DEFAULT NULL,
  `send_cancel_status` char(1) NOT NULL,
  `send_del_status` char(1) NOT NULL,
  `send_mail_time` datetime(6) NOT NULL,
  `sender_mem` varchar(50) NOT NULL,
  PRIMARY KEY (`mail_no`)
) ENGINE=InnoDB AUTO_INCREMENT=96 DEFAULT CHARSET=utf8mb4 COLLATE=utf8mb4_0900_ai_ci;
/*!40101 SET character_set_client = @saved_cs_client */;

--
-- Dumping data for table `tbl_mail`
--

LOCK TABLES `tbl_mail` WRITE;
/*!40000 ALTER TABLE `tbl_mail` DISABLE KEYS */;
INSERT INTO `tbl_mail` VALUES (41,'<p>안녕하세요 개발팀 이후영입니다.</p><p><br></p><p>프로젝트 X에 대해 몇 가지 중요한 업데이트를 드리고자 합니다.</p><p><br></p><p>현재 팀원들이 예상치 못한 기술적인 문제와 자원 부족으로 인해 프로젝트 일정이 크게 지연되고 있습니다. </p><p>따라서, 프로젝트 마감일을 기존의 21일에서 31일로 연기하고자 합니다. 연기가 필요하게 된 주요 이유는 다음과 같습니다:</p><ol><li><span style=\"color: var(--tw-prose-bold);\">기술적 문제 해결</span>: 몇 가지 주요 기능에서 예기치 않은 버그가 발견되어 수정이 필요합니다.</li><li><span style=\"color: var(--tw-prose-bold);\">자원 부족</span>: 현재 팀의 일부 인원이 병가 및 긴급 개인 사정으로 인해 작업에 참여할 수 없는 상황입니다.</li><li><span style=\"color: var(--tw-prose-bold);\">품질 보증</span>: 프로젝트의 품질을 보장하기 위해 충분한 테스트 시간이 필요합니다.</li></ol><p><br></p><p>이에 따라 프로젝트 일정 변경이 필요하다는 점을 양해해 주시길 부탁드립니다. 변경된 일정을 고려하여, 팀원들이 최선을 다해 프로젝트를 완수할 수 있도록 지원을 요청드립니다.</p><p>변경된 일정에 대한 회의 일정을 조정하고자 하니, 가능한 회의 시간을 3일 내로 알려주시면 감사하겠습니다.</p><p>프로젝트와 관련하여 궁금한 점이나 추가적인 논의가 필요하시면 언제든지 연락 주시기 바랍니다.</p><p><br></p><p>감사합니다.</p>','[긴급] 프로젝트 X 마감일 연기 요청',0,'N','N','2023-12-29 16:36:50.783389','1'),(42,'<p>안녕하세요 개발팀 여러분,</p><p><br></p><p>다음 주 2024-01-05에 팀 미팅이 예정되어 있습니다. 이번 미팅에서는 중요한 사안을 논의할 예정이니 모두 참석 부탁드립니다.</p><p><br></p><p>- **일시**: [2024년 1월 5일 09:00]</p><p>- **장소**: [회의실 A]</p><p>- **주요 의제**:</p><p>&nbsp;1. **프로젝트 진행 상황 공유**</p><p>&nbsp;&nbsp;&nbsp;- 현재 상태, 다음 단계 및 문제점 논의</p><p>&nbsp;2. **신규 프로젝트 제안 및 토론**</p><p>&nbsp;&nbsp;&nbsp;- 제안된 프로젝트 개요 설명 및 토론</p><p>&nbsp;3. **개발팀 목표 설정**</p><p>&nbsp;&nbsp;&nbsp;- 분기별 목표 설정 및 달성 방안 논의</p><p><br></p><p>미팅 전에 논의할 사항이나 추가할 의제가 있다면 [2024년 1월 3일]까지 저에게 이메일로 알려주시기 바랍니다. 미팅 준비를 위해 모두의 의견이 필요합니다.</p><p><br></p><p>감사합니다.</p><p><br></p><p>이후영 대리</p><p><span style=\"color: rgb(255, 255, 255);\">가 있다면 [날짜]까지 저에게 이메일로 알려주시기 바랍니다. 미팅 준비를 위해 모두의 의견이 필요합니다.</span></p><p><br></p><p><span style=\"color: rgb(255, 255, 255);\">감사합니다.</span></p><p><br></p><p><span style=\"color: rgb(255, 255, 255);\">[대리 이름]</span></p><p><span style=\"color: rgb(255, 255, 255);\">[연락처]</span></p>','[2024-01-05] 개발팀 미팅 안내 - 필참',0,'N','N','2024-01-02 16:43:26.715434','1'),(48,'<p>안녕하세요 이후영 대리님,</p><p><br></p><p>팀 미팅 안내 메일 잘 받았습니다. 2024년 1월 5일 미팅에 참석하겠습니다.</p><p><br></p><p>미팅 의제와 관련하여 추가로 논의하고 싶은 주제가 하나 있습니다. 현재 진행 중인 [프로젝트 이름]의 일정 조정에 대해 팀원들과 논의하고 싶습니다. 최근 몇 가지 이슈로 인해 일정에 차질이 생겨 이에 대한 대책을 마련하고자 합니다.</p><p><br></p><p>추가 의제를 포함시켜주시면 감사하겠습니다.</p><p><br></p><p>그럼 미팅 때 뵙겠습니다.</p><p><br></p><p>감사합니다.</p><p><br></p><p>남윤진 대표</p><p><br></p>','RE:[2024-01-05] 개발팀 미팅 안내 - 필참',42,'N','N','2024-01-02 17:11:05.231701','2405953'),(49,'<p>안녕하세요 이후영 대리님,</p><p><br></p><p>팀 미팅 안내 메일 잘 받았습니다. 2024년 1월 5일 미팅에 참석하겠습니다.</p><p><br></p><p>미팅 의제 중 프로젝트 진행 상황에 대해 몇 가지 질문이 있습니다. 미리 공유드리니 미팅에서 논의할 수 있도록 준비해주시면 감사하겠습니다.</p><p><br></p><p>1. 기능 B의 테스트 결과와 관련하여, 발견된 주요 이슈는 무엇인가요?</p><p>2. 통합 테스트 일정이 다음 주로 예정되어 있는데, 추가적인 자원이 필요한가요?</p><p>3. 다음 단계에서 팀원들이 집중해야 할 부분이 무엇인가요?</p><p><br></p><p>질문에 대해 미리 검토해 주시면 미팅이 더 효율적으로 진행될 수 있을 것 같습니다.</p><p><br></p><p>그럼 미팅 때 뵙겠습니다.</p><p><br></p><p>감사합니다.</p><p><br></p><p>나몰빼미 사원</p><p><br></p>','RE:[2024-01-05] 개발팀 미팅 안내 - 필참',42,'N','N','2024-01-03 17:12:33.254126','2405984'),(50,'<p>안녕하세요 남윤진 대표님,</p><p><br></p><p>팀 미팅 참석 확인 감사합니다. 제안해주신 프로젝트의 일정 조정에 대한 논의 의제를 미팅에 포함시키겠습니다. 이 주제는 매우 중요하니 팀원들과 함께 효율적인 대책을 마련할 수 있도록 하겠습니다.</p><p><br></p><p>다른 추가 사항이나 질문이 있으시면 언제든지 말씀해 주세요.</p><p><br></p><p>그럼 미팅 때 뵙겠습니다.</p><p><br></p><p>감사합니다.</p><p><br></p><p>이후영 대리</p><p><br></p>','RE:RE:[2024-01-05] 개발팀 미팅 안내 - 필참',48,'N','N','2024-01-02 17:16:18.089825','1'),(51,'<p>안녕하세요 나몰빼미 사원님,</p><p><br></p><p>팀 미팅 참석 확인 감사합니다. 사전에 보내주신 질문들에 대해 답변을 준비하였습니다.</p><p><br></p><p>1. **기능 B의 테스트 결과**: 최근 테스트에서 주요 이슈는 성능 저하와 관련된 부분입니다. 현재 해당 문제를 해결하기 위해 코드 최적화 작업을 진행 중입니다.</p><p>2. **통합 테스트 일정**: 추가적인 자원이 필요할 가능성이 있습니다. 이에 대해서는 미팅에서 자세히 논의하겠습니다.</p><p>3. **다음 단계 집중 부분**: 다음 단계에서는 기능 C의 안정성 검토와 기능 D의 초기 개발에 중점을 둘 예정입니다.</p><p><br></p><p>미리 질문을 보내주셔서 감사합니다. 덕분에 미팅 준비에 큰 도움이 되었습니다. 추가로 논의할 사항이 있으면 언제든지 말씀해 주세요.</p><p><br></p><p>그럼 미팅 때 뵙겠습니다.</p><p><br></p><p>감사합니다.</p><p><br></p><p>이후영 대리</p>','RE:RE:[2024-01-05] 개발팀 미팅 안내 - 필참',49,'N','N','2024-01-03 17:16:46.138813','1'),(52,'<p>안녕하세요,</p><p>저희 회사명에 오신 것을 진심으로 환영합니다! 저희 팀에 합류하신 것을 축하드리며, 함께 성장하고 발전해 나가는 여정에서 함께할 수 있어 기쁩니다.</p><p><br></p><p>뉴이후영님의 도움으로 저희 조직이 더욱 강력해지고, 목표를 달성하는데 큰 도움이 될 것입니다. 언제든지 궁금한 사항이 있으시면 연락 주시기 바랍니다.</p><p><br></p><p>다시 한 번 환영합니다!</p><p><br></p><p>감사합니다,</p><p>인사팀 드림</p>','\"KETCHUP\"에 오신 것을 환영합니다!',0,'N','N','2024-01-08 17:20:40.940166','2'),(53,'<p>안녕하세요,</p><p>저희 회사명에 오신 것을 진심으로 환영합니다! 저희 팀에 합류하신 것을 축하드리며, 함께 성장하고 발전해 나가는 여정에서 함께할 수 있어 기쁩니다.</p><p><br></p><p>고라파덕님의 도움으로 저희 조직이 더욱 강력해지고, 목표를 달성하는데 큰 도움이 될 것입니다. 언제든지 궁금한 사항이 있으시면 연락 주시기 바랍니다.</p><p><br></p><p>다시 한 번 환영합니다!</p><p><br></p><p>감사합니다,</p><p>인사팀 드림</p>','\"KETCHUP\"에 오신 것을 환영합니다!',0,'N','N','2024-01-08 17:21:09.551553','2'),(54,'<p>안녕하세요,</p><p><br></p><p>저희 인사팀은 더욱 효율적으로 업무를 수행하기 위해 아래와 같이 업무를 분배하였습니다:</p><ul><li>[인사팀 박다은]: [분배된 업무 내용1]</li><li>[인사팀 부스터]: [분배된 업무 내용2]</li></ul><p>각자가 담당한 업무를 완료하기 위해 필요한 자원이나 지원이 필요한 경우, 팀 내에서 적극적으로 협업하여 문제를 해결해 나가도록 합시다.</p><p><br></p><p>감사합니다,</p><p>인사팀 드림</p>','인사팀 업무 분배 및 협업 안내',0,'N','N','2024-01-09 17:24:40.476743','2'),(55,'<p>안녕하세요 </p><p><br></p><p>저희 인사팀에서는 다음과 같은 자료를 요청하게 되어 이메일을 보내드립니다. 이 자료들은 저희가 현재 진행 중인 프로젝트 및 업무에 필요한 것으로, 총무팀으로부터 빠른 제공을 부탁드립니다.</p><p><br></p><ol><li>근로자 명단: 현재 회사에 근무 중인 모든 직원의 명단을 제공해 주시기 바랍니다. 이 명단에는 각 직원의 성명, 부서, 직책, 연락처 등이 포함되어야 합니다.</li><li>근로계약서 복사본: 회사에서 각 직원과 체결한 근로계약서의 복사본을 제공해 주세요. 이는 저희가 인사 관련 문제를 처리하거나 휴가 신청 등을 처리할 때 참고할 목적으로 사용될 것입니다.</li><li>휴가 신청 양식: 회사 내에서 사용하는 휴가 신청 양식을 제공해 주시기 바랍니다. 이 양식은 직원들이 휴가를 신청할 때 사용되며, 휴가 일정 및 유형을 명확히 기록할 수 있어야 합니다.</li><li><br></li></ol><p>위 자료들은 2024년 1월 11일까지 제출되어야 합니다. 가능하시다면 최대한 빠른 시일 내에 제공해 주시길 부탁드립니다. 자료 제공에 어려움이 있거나 추가 문의사항이 있으시면 언제든지 저희에게 연락 주시기 바랍니다.</p><p>빠른 처리와 협조에 감사드리며, 기다리고 있겠습니다.</p><p><br></p><p>감사합니다.</p><p>인사팀 드림</p>','인사자료 제공 요청',0,'N','N','2024-01-09 17:31:37.945219','2'),(56,'<p>안녕하세요 최승욱님,</p><p>오늘은 당신의 특별한 날입니다! 생일 축하드립니다!</p><p><br></p><p>생일은 새로운 한 해를 맞아 새로운 시작과 기회를 의미합니다. 당신의 새로운 한 해가 건강하고 행복하며 성공적인 일들로 가득찬 해가 되길 진심으로 기원합니다.</p><p>당신이 우리 팀에서 더 큰 성과를 이루고 함께 일할 수 있어서 정말 기쁩니다. 당신의 노력과 열정에 감사드리며, 앞으로의 성공과 행복이 함께하길 기대합니다.</p><p>생일을 축하하는 마음으로 당신에게 행복한 하루가 되길 바랍니다!</p><p>다시 한번 생일 축하드립니다!</p><p>감사합니다.</p><p><br></p><p>인사팀 드림</p>','진심으로 생일축하드립니다!',0,'N','N','2024-01-11 17:36:33.000760','2'),(57,'<p>안녕하십니까,</p><p><br></p><p>저희 회사에서는 [워크샵/연수/교육 등]을 개최할 예정입니다. </p><p>본 워크샵은 서로에 대한 깊은 이해를 촉진하고, 참가자들에게 업무 역량을 향상시키는 기회를 제공할 것입니다.</p><p>관심 있는 분들께서는 아래 링크를 통해 2월 5일까지 신청하여 주시기 바랍니다.</p><p><br></p><p>신청은 본 메일의 첨부파일의 양식을 채워  <strong style=\"background-color: rgb(239, 239, 239);\">22222222@ketchup.com</strong><span style=\"background-color: rgb(239, 239, 239);\"> </span> 으로 보내주시면 됩니다.</p><p><br></p><p>본 워크샵은 참가자들의 역량 강화와 회사의 성과에 도움을 주기 위해 신중하게 설계되었습니다. 이에 따라 귀하의 참여는 높이 평가되며, 귀하의 지원에 깊은 감사를 표합니다.</p><p>자세한 내용 및 문의 사항은 아래 연락처로 문의하시거나, 상세 정보를 확인하실 수 있습니다:</p><p><br></p><p>감사합니다.</p><p>인사팀 드림</p>','워크샵 신청 안내',0,'N','N','2024-01-11 17:42:31.508116','2'),(58,'<p>안녕하세요,</p><p>저희 회사에서 개최하는 워크샵에 관심을 가지고 신청합니다.</p><p><br></p><p>본 워크샵에 대한 자세한 내용과 신청 절차를 알려주시면 감사하겠습니다.</p><p>고맙습니다.</p><p><br></p><p>김현지 대리</p>','RE:워크샵 신청 안내',57,'N','N','2024-01-19 17:45:15.477629','5'),(59,'<p>안녕하세요,</p><p>워크샵 신청합니다.</p>','워크샵 참가 신청',0,'N','N','2024-01-14 17:46:17.500943','3'),(60,'<p>안녕하세요 박다은 대리님,</p><p><br></p><p>워크샵 참가 신청을 위해 연락드렸습니다. </p><p><br></p><p>감사합니다.</p>','워크샵 참가 신청합니다.',0,'N','N','2024-02-01 17:48:32.168650','2405984'),(61,'<p>안녕하십니까.</p><p>저희 법무팀에서는 최근에 회사 내부의 일부 정책과 규정을 변경하게 되었음을 안내드립니다. 이러한 변경 사항은 회사의 안전 및 운영 효율성을 향상시키기 위한 것으로 이루어졌으며, 모든 직원들의 협조가 필요한 사안임을 알려드립니다.</p><p>변경된 내용은 아래와 같습니다:</p><p><br></p><ol><li>[변경된 정책/규정 내용 1]: [세부 내용 설명]</li><li>[변경된 정책/규정 내용 2]: [세부 내용 설명]</li><li>[변경된 정책/규정 내용 3]: [세부 내용 설명]</li><li><br></li></ol><p>이러한 변경 사항은 모든 직원들에게 적용되며, 모든 부서와 팀에서 엄격하게 준수되어야 합니다. 변경 사항에 대한 자세한 내용은 [변경 사항이 적용된 문서의 제목]을 통해 확인하실 수 있습니다. 귀하의 업무에 영향을 줄 수 있는 사항이 있을 경우, 관련 부서나 상급자에게 문의하여 주시기 바랍니다.</p><p>자세한 내용에 대한 이해를 돕기 위해 각 부서에도 해당 변경 사항에 대한 교육이 제공될 예정입니다. 귀하의 협조와 이해에 깊은 감사를 드리며, 변경 사항에 따른 조치에 신속히 따라주시길 부탁드립니다.</p><p>감사합니다.</p><p><br></p><p>법무팀 최승욱 드림</p>','[중요] 회사 내부 정책 및 규정 변경 사항 안내',0,'N','N','2024-02-05 17:53:55.393779','4'),(62,'<p>갑자기 안가는거야?!</p>','지난 회의 안내',0,'N','N','2024-02-10 06:48:43.535522','1'),(63,'<p>그냥 집이나 가자</p>','RE:지난 회의 안내',62,'Y','N','2024-02-12 06:49:33.632561','2'),(64,'<p>신입사원 정보 부탁드립니다.</p>','안녕하세요 개발팀장 이후영입니다.',0,'Y','N','2024-02-20 08:55:18.117473','1'),(65,'불가피한 사정으로 <b>회의실 C(2024-05-30T09:00 - 2024-05-30T09:15) </b>의 사용이 불가하여 예약이 취소되었음을 안내드립니다.','회의실(회의실 C) 예약 취소 안내',0,'N','Y','2024-03-02 09:01:53.279576','2405634'),(70,'<p>네 확인했습니다.,</p>','RE:회의실(회의실 C) 예약 취소 안내',68,'N','N','2024-03-10 09:03:16.405207','1'),(80,'<p>안녕하세요</p><p><br></p><p>인사자료 요청드리빈다.</p>','신입사원 인사자료 요청드립니다.',0,'Y','N','2024-03-26 09:59:02.031376','1'),(82,'<p>안녕하세요</p><p>인사정보 요청드립니다.</p>','안녕하세요 이후영 대리입니다.',0,'Y','N','2024-04-03 10:53:57.745056','1'),(84,'<p>확인했습니다.</p>','RE:회의실(회의실 D) 예약 취소 안내',83,'N','N','2024-04-10 10:55:04.880985','1'),(86,'<p>안녕하세요, 개발팀 여러분.</p><p>저희 총무팀에서 이번 주 내로 처리해야 할 몇 가지 중요한 요청사항이 있어 이렇게 메일을 드립니다.</p><p><br></p><p><span style=\"color: var(--tw-prose-bold);\">1. 새로운 사무실 관리 시스템 설치</span></p><ul><li>최근 새로 도입된 사무실 관리 시스템의 설치 및 초기 설정이 필요합니다.</li><li>가능하시다면, 이번 주 금요일(6월 2일)까지 완료해주시면 감사하겠습니다.</li><li>필요한 자료나 정보가 있다면 말씀해주세요</li></ul><p><br></p><p><span style=\"color: var(--tw-prose-bold);\">2. 기존 시스템 업데이트</span></p><ul><li>현재 사용 중인 직원 출퇴근 관리 시스템의 업데이트가 필요합니다.</li><li>이번 업데이트를 통해 보안 강화를 계획하고 있습니다.</li><li>업데이트 일정과 방법에 대한 가이드라인을 제공해주시면 도움이 될 것 같습니다</li></ul><p><br></p><p><span style=\"color: var(--tw-prose-bold);\">3. 개발팀 협조 요청</span></p><ul><li>저희 총무팀에서 진행 중인 프로젝트 관련 개발팀의 협조가 필요합니다.</li><li>구체적인 요구사항은 별도의 문서로 첨부하였습니다.</li><li>협조 가능 여부와 가능한 일정에 대해 회신 부탁드립니다.</li></ul><p><br></p><p>언제나 그렇듯이, 저희의 요청에 신속히 대응해주시는 것에 대해 항상 감사드립니다. 추가로 필요한 정보나 협의할 사항이 있다면 언제든지 연락주세요.</p><p><br></p><p>감사합니다.</p><p>총무팀 드림</p><p><br></p>','[긴급] 개발팀 지원 요청',0,'N','N','2024-04-15 20:40:16.256986','2405634'),(87,'<p>안녕하세요, 개발팀 여러분.</p><p><br></p><p>총무팀에서 이번 주 내로 새로운 사무실 관리 시스템을 설치해야 합니다. 이에 개발팀의 지원이 필요하여 이렇게 메일을 드립니다.</p><p><br></p><ul><li><span style=\"color: var(--tw-prose-bold);\">설치 시스템:</span> 새로 도입된 사무실 관리 시스템</li><li><span style=\"color: var(--tw-prose-bold);\">완료 기한:</span> 이번 주 금요일(4월 2일)까지</li><li><span style=\"color: var(--tw-prose-bold);\">필요한 자료:</span> 시스템 설치에 필요한 자료나 정보가 있으면 말씀해 주세요.</li></ul><p><br></p><p>바쁘신 와중에도 신속한 지원 부탁드립니다. 감사합니다.</p><p><br></p><p>총무팀 드림</p>','[긴급] 사무실 관리 시스템 설치 요청',0,'N','N','2024-04-20 20:53:05.840582','2405634'),(88,'<p>안녕하세요, 법무팀 여러분.</p><p>총무팀에서 준비한 새로운 공급업체 계약서에 대한 법적 검토가 필요합니다. 첨부된 계약서를 확인하시고, 법적 문제나 수정이 필요한 부분에 대한 의견을 부탁드립니다.</p><p><br></p><ul><li><span style=\"color: var(--tw-prose-bold);\">계약서:</span> 첨부 파일 참조</li><li><span style=\"color: var(--tw-prose-bold);\">검토 요청 내용:</span> 법적 문제 검토 및 수정 사항 의견</li><li><span style=\"color: var(--tw-prose-bold);\">완료 기한:</span> 다음 주 금요일(5월 15일)까지</li></ul><p><br></p><p>바쁘신 와중에도 검토 부탁드립니다. 감사합니다.</p><p>총무팀 드림</p><p><br></p>','계약서 검토 요청',0,'N','N','2024-05-13 05:06:10.173205','2405634'),(89,'불가피한 사정으로 <b>회의실 D(2024-06-03 09:00 - 2024-06-03 11:00)</b>의 사용이 불가하여 예약이 취소되었음을 안내드립니다.','회의실 - 회의실 D 예약 취소 안내 (2024-06-03 09:00 - 2024-06-03 11:00)',0,'N','N','2024-05-31 05:27:29.707841','2405634'),(90,'<p>안녕하세요, 총무팀 여러분.</p><p><br></p><p>다음 주에 있을 정기 회의를 위해 일정을 조율하고자 합니다. 아래의 시간 중 가능한 시간을 모두 회신해 주세요.</p><p><br></p><ul><li>월요일 오전 10시</li><li>화요일 오후 2시</li><li>수요일 오전 11시</li></ul><p><br></p><p>가능한 시간이 확인되면 회의 일정을 확정하겠습니다. 바쁘시겠지만 빠른 회신 부탁드립니다.</p><p>감사합니다.</p><p><br></p>','다음 주 회의 일정 조율 요청',0,'N','N','2024-05-31 05:39:20.799953','2405634'),(91,'<p>안녕하세요 대리님</p><p>저는 화요일 오후 2시가 괜찮을 것 같습니다.</p><p>감사합니다.</p>','RE:다음 주 회의 일정 조율 요청',90,'N','N','2024-05-31 05:42:47.567571','2405284'),(92,'<p>안녕하세요, 대리님.</p><p><br></p><p>5월 월간 업무 보고서를 작성하여 제출드립니다. 보고서 내용 검토 부탁드리며, 수정이나 보완이 필요한 부분이 있으면 말씀해 주세요.</p><p><br></p><ul><li><span style=\"color: var(--tw-prose-bold);\">보고서 내용:</span> 5월 업무 실적 및 6월 계획</li><li><span style=\"color: var(--tw-prose-bold);\">첨부 파일:</span> 5월_월간_업무_보고서.pdf</li></ul><p><br></p><p>바쁘신 와중에도 검토 부탁드립니다. 감사합니다.</p>','[보고서 제출] 5월 월간 업무 보고서',0,'N','N','2024-05-31 05:45:23.669468','2405284'),(93,'<p>신입사원 인사자료 요청드립니다.</p>','신입사원 인사자료 요청드립니다.',0,'Y','N','2024-05-31 11:10:18.890741','1'),(94,'불가피한 사정으로 <b>회의실 D(2024-06-04 09:09 - 2024-06-04 18:09)</b>의 사용이 불가하여 예약이 취소되었음을 안내드립니다.','회의실 - 회의실 D 예약 취소 안내 (2024-06-04 09:09 - 2024-06-04 18:09)',0,'N','N','2024-05-31 11:10:36.682098','2405634'),(95,'<p>확인하였습니다.</p>','RE:회의실 - 회의실 D 예약 취소 안내 (2024-06-04 09:09 - 2024-06-04 18:09)',94,'N','N','2024-05-31 11:11:12.975017','1');
/*!40000 ALTER TABLE `tbl_mail` ENABLE KEYS */;
UNLOCK TABLES;

--
-- Table structure for table `tbl_mail_file`
--

DROP TABLE IF EXISTS `tbl_mail_file`;
/*!40101 SET @saved_cs_client     = @@character_set_client */;
/*!50503 SET character_set_client = utf8mb4 */;
CREATE TABLE `tbl_mail_file` (
  `mail_file_no` int NOT NULL AUTO_INCREMENT,
  `mail_file_name` varchar(255) NOT NULL,
  `mail_file_ori_name` varchar(255) NOT NULL,
  `mail_file_path` varchar(255) NOT NULL,
  `mail_no` int NOT NULL,
  PRIMARY KEY (`mail_file_no`)
) ENGINE=InnoDB AUTO_INCREMENT=10 DEFAULT CHARSET=utf8mb4 COLLATE=utf8mb4_0900_ai_ci;
/*!40101 SET character_set_client = @saved_cs_client */;

--
-- Dumping data for table `tbl_mail_file`
--

LOCK TABLES `tbl_mail_file` WRITE;
/*!40000 ALTER TABLE `tbl_mail_file` DISABLE KEYS */;
INSERT INTO `tbl_mail_file` VALUES (4,'191adba60c9547e3a36fc59c61b83b83','인사팀 업무 자료.docx','191adba60c9547e3a36fc59c61b83b83.docx',54),(5,'0ad34647c2ed46a2a1dcdf81180f84de','워크숍 신청 양식.docx','0ad34647c2ed46a2a1dcdf81180f84de.docx',57),(6,'b7f3474aff184c149d5ee80c607e02c1','워크숍 신청 - 김현지.docx','b7f3474aff184c149d5ee80c607e02c1.docx',58),(7,'6096d29841f043768a2475489b624f8d','워크숍 신청 - 이진우.docx','6096d29841f043768a2475489b624f8d.docx',59),(8,'ba2c3db36bb54c3d8acc440e6aa26811','워크숍 신청(나몰빼미).docx','ba2c3db36bb54c3d8acc440e6aa26811.docx',60),(9,'4b9978a71b644504a238f1a86fb38584','5월_월간_업무_보고서.pdf','4b9978a71b644504a238f1a86fb38584.pdf',92);
/*!40000 ALTER TABLE `tbl_mail_file` ENABLE KEYS */;
UNLOCK TABLES;

--
-- Table structure for table `tbl_member`
--

DROP TABLE IF EXISTS `tbl_member`;
/*!40101 SET @saved_cs_client     = @@character_set_client */;
/*!50503 SET character_set_client = utf8mb4 */;
CREATE TABLE `tbl_member` (
  `member_no` varchar(255) NOT NULL,
  `member_name` varchar(255) DEFAULT NULL,
  `member_account` varchar(255) DEFAULT NULL,
  `member_address` varchar(255) DEFAULT NULL,
  `member_birthdate` varchar(255) DEFAULT NULL,
  `member_companyemail` varchar(255) DEFAULT NULL,
  `member_gender` char(1) DEFAULT NULL,
  `member_imgurl` varchar(255) DEFAULT NULL,
  `member_isfirstlogin` varchar(255) DEFAULT NULL,
  `member_pw` varchar(255) DEFAULT NULL,
  `member_phone` varchar(255) DEFAULT NULL,
  `member_privateemail` varchar(255) DEFAULT NULL,
  `member_resigndatetime` datetime(6) DEFAULT NULL,
  `member_status` varchar(255) DEFAULT NULL,
  `member_verifycode` varchar(255) DEFAULT NULL,
  `dep_no` int DEFAULT NULL,
  `position_no` int DEFAULT NULL,
  PRIMARY KEY (`member_no`),
  KEY `FKh3x1uvkfs73ct5dk4asa1inrk` (`dep_no`),
  KEY `FK7uq6tpnwuw496m1iig8ednhmk` (`position_no`),
  CONSTRAINT `FK7uq6tpnwuw496m1iig8ednhmk` FOREIGN KEY (`position_no`) REFERENCES `tbl_position` (`position_no`),
  CONSTRAINT `FKh3x1uvkfs73ct5dk4asa1inrk` FOREIGN KEY (`dep_no`) REFERENCES `tbl_dep` (`dep_no`)
) ENGINE=InnoDB DEFAULT CHARSET=utf8mb4 COLLATE=utf8mb4_0900_ai_ci;
/*!40101 SET character_set_client = @saved_cs_client */;

--
-- Dumping data for table `tbl_member`
--

LOCK TABLES `tbl_member` WRITE;
/*!40000 ALTER TABLE `tbl_member` DISABLE KEYS */;
INSERT INTO `tbl_member` VALUES ('1','이후영','국민307002','서울시 강동구 암사동','1111-11-11','gndud3158@ketchup.com','M','ec1707ace06e4d0d82a89d78950d6a42.png','N','$2a$10$bO1DpKsIJZ.AkigWzAvtAeQirqwuuYyDM1ohzQHRS0LthD1PLBJrC','01032283158','gndud3158@naver.com',NULL,'재직중','389472',1,2),('2','박다은','29345876239485','지구어딘가','2222-12-22','22222222@ketchup.com','F','5829fde792214b72a7ae4f10b15e1fec.png','N','$2a$10$yEaG9idYowpBFIOPMmN1WenIjIlITENDpIyCdrkYVMFZTXJ5wdaLe','01032283158','gndud3158@naver.com',NULL,'재직중','233450',2,2),('2405152','부스터','국민  685457323467','서울 종로구 종로 1','2024-05-15','gndud3158@naver.com','F','b5022d88de9f40d492903a7837c65d4e.png','Y','$2a$10$Ej8A0jp6.PkLAvd7ZngseuEkRMK5dUZtp0t2J5aXbxvzr9ho9Ly8q','01032283158','gndud3158@naver.com',NULL,'재직중',NULL,2,1),('2405161','심민섭','국민  1354234676345','서울 종로구 경교장길 5','2024-05-15','gndud3158@ketchup.com','M','a0ad0667d4dd47a6bd718a62f4d89b58.png','Y','$2a$10$ObiDJ2jgYuUtoJvz862fWue5DsSa47jYhabM1Y8xXBccc1c0tlV1y','01032283158','gndud3158@naver.com',NULL,'재직중',NULL,4,1),('2405206','삼진우','국민  1421255214','서울 강남구 가로수길 5','2004-12-06','2405206@ketchup.com','M','dc0105ef55c14c62b81b23b15d7b5bf9.png','Y','$2a$10$yUkDLbEqxVRWD2Ip7GbHnOWYa2OU4GQX8evrOBlFP.oKHKB1EccN2','01088521412','2405206@ketchup.com',NULL,'재직중',NULL,2,1),('2405284','김총무','국민  53427345','서울 종로구 종로 6','2024-05-16','gndud3158@ketchup.com','F','1fa81459de9a4331a5f257fd08dc88eb.png','N','$2a$10$Bwx5QauaPoR.p//PfWOXWeXoX76QhdgCQFDv84FBixZUsViRmjDly','01032283158','gndud3158@naver.com',NULL,'재직중','945388',6,1),('2405288','미끄레곤','국민  569780456','서울 종로구 경교장길 5','2024-05-01','gndud3158@ketchup.com','M','8aa59e81c245426ebc4fee51ab66cd1a.png','Y','$2a$10$w49K65wIHmNf95ezUslBTeyrTfLR8w2K39peCyvYTLxyAUOE/WSNK','01032283158','gndud3158@naver.com',NULL,'재직중',NULL,3,1),('2405404','오진우','국민  52146985','대전 서구 가장로 96','2004-08-19','2405404@ketchup.com','M','a627cc0503fb48a585ce6aa6d367ada0.png','Y','$2a$10$gnhBckkPFy6EzBDJ0.7yqeCcgtbMFueJAVH0dOtULWOt75uHNSmOG','01099874541','2405404@ketchup.com',NULL,'재직중',NULL,2,1),('2405406','김법무','국민  623455679','서울 종로구 종로 1','2024-05-02','gndud3158@ketchup.com','F','8679682737c543f0b1fce91cba2cd172.png','N','$2a$10$NHi.9NH43kAudmXfVudJxuPfVDyTpUIFCdmf3DvYg5/BMj5keaJZO','01032238158','gndud3158@naver.com',NULL,'재직중','681251',5,1),('2405538','이신입','국민  1234-2347723478','서울 종로구 삼일대로 401-8','1999-06-23','2405538@ketchup.com','M','13257483c40a4cffab0d3b17af9ac9f1.png','N','$2a$10$lqWWGVp2GmQr.YeHIUx5SeHKs.JP1.VJbAddxejfVBdrhB/C9BKYi','01032283158','gndud3158@naver.com',NULL,'재직중','540029',1,1),('2405552','최개발','국민  12312412444','서울 종로구 종로 1','2004-12-07','2405552@ketchup.com','M','3de83649b6574c8995be7604649ac688.png','N','$2a$10$839RFmpcK13kVGspskmfYeby0IXV926A4YKAp7xKRBZ8Vz/EZRUZ2','01032283158','gndud3158@naver.com',NULL,'재직중','941397',1,1),('2405566','김개발','국민  1235457568','서울 종로구 경교장길 5','2024-05-22','gndud3158@ketchup.com','M','0edc27ca78d642cfab371d0f01632a7e.png','Y','$2a$10$MWPiM6.BRrUXfoMxtei7guS8bzFBzYM.UkPh/k4M75t6ducjPCmeS','01032283158','gndud3158@naver.com',NULL,'재직중',NULL,1,1),('2405634','김정희','국민  5263474568','서울 종로구 경교장길 35','2024-05-22','gndud3158@ketchup.com','M','b2a652ff29e1454d88df5fa34b4ba50b.png','N','$2a$10$FXIVFQJ2yI8crZMUwFAyJOaUYAsSZNykLSGBrI.GL3esqDakANMuq','01032283159','gndud3158@naver.com',NULL,'재직중','666811',6,2),('2405744','박개발','국민  23465678978','서울 종로구 경교장길 5','2004-12-07','2405744@ketchup.com','M','fc527f19f7704c3ab5dcbd17651064d4.jpg','N','$2a$10$OXA2lbtTtWUITcicrmIfoOhVVc86jRk1Ezj.PVFfMICpIj71imPFG','01032283158','gndud3158@naver.com',NULL,'재직중','550335',1,1),('2405765','김지환','국민  121451541','서울 강남구 개포로 202','2004-12-15','2405765@ketchup.com','M','27a621221ab145dc8681212dd8269dde.png','Y','$2a$10$Kx1.uvq/S6ckgbfbYhH4HeHzycKUk4TfnWh9eQ5VmpgyI4EmKWIaO','01085524165','2405765@ketchup.com',NULL,'재직중',NULL,2,1),('2405795','김신입','국민  1233-1234-1234','서울 종로구 삼일대로 401-8','2000-07-01','2405795@ketchup.com','M','3f9084c2a97f4285b6897eecb7e2253a.png','N','$2a$10$3nMlQEA6e4671H5Le14csOQ3k2wGzQQuwQBFejm35BMWb11zo3Bu6','01032283158','gndud3158@naver.com',NULL,'재직중','326813',1,1),('240580','고라파덕','국민  123464573567','서울 종로구 경교장길 5','2024-05-01','gndud3158@ketchup.com','M','7f7327a70f1b42dea6f54776ad26f9a2.png','Y','$2a$10$o1yUQhiC/zDqi/qIctmKK.lmVApBcEU/.9Ne7JSL3E1IS0feee8pC','01032283158','gndud3158@naver.com',NULL,'재직중',NULL,4,1),('2405936','멘토스','국민  3415645734537','서울 강동구 가래여울길 1','1998-05-12','2405936@ketchup.com','M','d8544a8892f9427487f31b9d267114e8.png','Y','$2a$10$PWSDcM7.78f13sDTfZ7TzeY/GTljyqyH.o0nJEdeLn9QF9gBjwdTK','01032283158','gndud3158@naver.com',NULL,'재직중',NULL,5,1),('2405953','남윤진','국민  34625567344568','서울 종로구 경교장길 5','2024-05-01','himedia@ketchup.com','F','16e213b786fc41399c1da54f2b034611.gif','N','$2a$10$.k4lLKqmlNe3gTC76sRRI.yNV6U5rrizC240pzfQ6A0d7ua0zrrxC','01077777777','gndud3158@naver.com',NULL,'재직중','145013',1,3),('2405984','나몰뺴미','국민  1242352346','서울 종로구 경교장길 5','2024-05-08','gndud3158@ketchup.com','M','15511f2303c24862b0237cf3a23cbae3.png','N','$2a$10$RINYpgWZTPRNgAwRSBEZZu0FUE/Rf65ZHOr0e3mDmw9byNNiNYSQy','01032283158','gndud3158@naver.com',NULL,'재직중','389367',1,1),('2405987','뉴이후영','국민  1234563426','서울 종로구 경교장길 5','2024-05-15','gndud3158@ketchup.com','M','4b7db9a233fe4025a119c4f0f5a36ce0.png','N','$2a$10$wE3gLyLEGoq.lL/YIGRsv.CsLwpvrYibp8Rj7lxIRcg8juK10o/oe','01032283158','gndud3158@naver.com',NULL,'재직중','949096',5,1),('2405989','김동환','국민  12354234563457','서울 종로구 종로 1','2004-11-24','2405989@ketchup.com','F','89276f5d2a3e42499429c3a336ada11e.png','Y','$2a$10$FLbirGCaFkk44Gqjr4FmN.6XvVpAzdcHxiYRlljKIJBYhTsvHEM/.','01032283158','gndud3158@naver.com',NULL,'재직중',NULL,2,2),('3','이진우','29345876239485','지구어딘가','3333-33-33','33333333@ketchup.com','M','eaaf4ae969e5423a835dbf31e29f0e16.png','N','$2a$10$CUGSK9bnwdm5QVkngqKmNe1FDU4Yt2MBBjiXJ1AHZzmGYZ1K5P6Ca','01032283158','gndud3158@naver.com',NULL,'재직중','963651',3,2),('4','최승욱','29345876239485','지구어딘가','4444-44-44','44444444@ketchup.com','M','cbce1976f14a4852b0ba1807c73a8e3b.png','N','$2a$10$YFn5PU3JKry2R1xCBWU/vO6G6XUFGa5/Wvo5/4DxFEw/br6D9avTW','01032283158','gndud3158@naver.com',NULL,'재직중','286394',4,2),('5','김현지','29345876239485','지구어딘가','5555-55-55','55555555@ketchup.com','F','3bfec856824945289006978b78005841.png','N','$2a$10$rKlhJdIXkuMrg1TBIG1gLOaDawiKmiYJ4tJvLlagxan9jTrRubt9K','01032283158','gndud3158@naver.com',NULL,'재직중','893480',5,2);
/*!40000 ALTER TABLE `tbl_member` ENABLE KEYS */;
UNLOCK TABLES;

--
-- Table structure for table `tbl_notice`
--

DROP TABLE IF EXISTS `tbl_notice`;
/*!40101 SET @saved_cs_client     = @@character_set_client */;
/*!50503 SET character_set_client = utf8mb4 */;
CREATE TABLE `tbl_notice` (
  `notice_no` int NOT NULL AUTO_INCREMENT,
  `member_no` varchar(255) NOT NULL,
  `notice_content` longtext,
  `notice_create_dttm` datetime(6) NOT NULL,
  `notice_fix` char(1) DEFAULT NULL,
  `notice_title` varchar(255) NOT NULL,
  `notice_update_dttm` datetime(6) DEFAULT NULL,
  PRIMARY KEY (`notice_no`)
) ENGINE=InnoDB AUTO_INCREMENT=19 DEFAULT CHARSET=utf8mb4 COLLATE=utf8mb4_0900_ai_ci;
/*!40101 SET character_set_client = @saved_cs_client */;

--
-- Dumping data for table `tbl_notice`
--

LOCK TABLES `tbl_notice` WRITE;
/*!40000 ALTER TABLE `tbl_notice` DISABLE KEYS */;
INSERT INTO `tbl_notice` VALUES (1,'3','<p>가정의날 신제품 출시 관련자료 공유드립니다. </p><p>확인 후 업무에 적용해 주세요</p><p>감사합니다.</p>','2023-04-23 14:29:51.770000','N','가정의날 신제품 개발 관련자료 공유드립니다',NULL),(2,'1','<p>안녕하세요. 개발팀 이후영입니다.</p><p>&nbsp;</p><p>무선 네트워크 패스워드 변경 작업 관련해서 안내 말씀 드립니다.</p><p>ISMS 보안정책에 따라 무선 네트워크의 패스워드를 3개월 주기로 변경하고 있습니다.</p><p>아래 작업 시간 이후에는 공지해 드린 패스워드로 접속하여 주시기 바랍니다.</p><p>변경되는 패스워드 및 기타 사항은 아래 내용을 참고하시기 바랍니다.</p><p>&nbsp;</p><p>&nbsp;&nbsp;&nbsp;&nbsp;&nbsp;&nbsp;&nbsp;&nbsp;&nbsp;&nbsp;&nbsp;&nbsp;&nbsp;-&nbsp;아 래&nbsp;-</p><p>&nbsp;</p><p>1. 작업 시간 : 2023년 04월 26일 목요일 20:00 ~ 21:00</p><p>&nbsp;</p><p>2. 작업 내용 : 무선 네트워크(SSID) 정기 패스워드 변경작업</p><p>&nbsp;</p><p>3. 작업 영향 : 무선 네트워크 서비스 영향 없음</p><p>&nbsp;</p><p>작업 관련 문의사항이 있으신 분은 메일로 연락주시기 바랍니다.</p><p><br></p><p>감사합니다.</p>','2023-04-23 14:43:59.375000','N','무선 네트워크 패스워드 변경작업 안내 (작업일시 4/26 금요일 20시)',NULL),(3,'2','<p>안녕하세요. 인사팀 박다은입니다.</p><p>&nbsp;</p><p>창립기념일 휴무 공지드립니다..</p><p>&nbsp;</p><p>&nbsp;&nbsp;&nbsp;&nbsp;&nbsp;&nbsp;&nbsp;&nbsp;&nbsp;&nbsp;&nbsp;&nbsp;&nbsp;-&nbsp;아 래&nbsp;-</p><p>&nbsp;</p><p>1. 창립기념일 : 2023년 09월 03일 목요일</p><p>&nbsp;</p><p>2. 내용 : 창립기념일 휴무</p><p><br></p><p>작업 관련 문의사항이 있으신 분은 메일로 연락주시기 바랍니다.</p><p><br></p><p>감사합니다.</p><p><br></p>','2023-08-26 14:46:19.933000','N','창립기념일 휴무 공지드립니다.',NULL),(4,'5','<p>안녕하세요, 임직원 여러분.</p><p><br></p><p>회사의 효율성과 공정성을 더욱 높이기 위해 일부 사내 규정을 아래와 같이 변경하고자 합니다. </p><p><br></p><p>변경된 규정은 2024년 1월 1일부터 시행될 예정이니, 모든 직원분들께서는 반드시 숙지해주시기 바랍니다.</p><p><br></p><h4>변경 내용:</h4><p><br></p><p><span style=\"color: var(--tw-prose-bold);\">1.근무시간 및 유연근무제</span></p><ul><li>기존: 오전 9시 ~ 오후 6시</li><li>변경: 오전 8시 ~ 오후 5시 또는 오전 10시 ~ 오후 7시 선택 가능</li><li>유연근무제 확대: 주 2회 원격 근무 가능</li></ul><p><br></p><p><span style=\"color: var(--tw-prose-bold);\">2.휴가 정책</span></p><ul><li>연차 사용 권장: 연차 사용을 독려하기 위해 사용하지 않은 연차는 이월되지 않음</li><li>반차 도입: 반차 사용 가능 (오전/오후 선택)</li></ul><p><br></p><p><span style=\"color: var(--tw-prose-bold);\">3.복장 규정</span></p><ul><li>기존: 월~목 정장 착용, 금요일 자율복장</li><li>변경: 월~금 자율복장 허용</li></ul><p><br></p><p><span style=\"color: var(--tw-prose-bold);\">4.출장비 지원</span></p><ul><li>기존: 실비 정산</li><li>변경: 지역별 정액 지급 (세부 내용은 인사팀 별도 공지 참고)</li></ul><p><br></p><p><span style=\"color: var(--tw-prose-bold);\">5.성과 평가 및 보상</span></p><ul><li>기존: 연 1회 성과 평가</li><li>변경: 반기별 성과 평가 도입</li><li>우수 직원 보상 강화: 성과 우수자에게 추가 보상 및 해외 연수 기회 제공</li></ul><h4><br></h4><h4>시행 일자: 2024년 1월 1일</h4><h4><br></h4><h4>기타 사항:</h4><ul><li>변경된 규정에 대한 자세한 내용은 인사팀에서 제공하는 [사내규정 변경 안내서](내부 링크)에서 확인하실 수 있습니다.</li><li>변경된 규정과 관련하여 문의 사항이 있으신 분들은 인사팀(내선 1234)으로 연락 주시기 바랍니다.</li></ul><p><br></p><p>이번 사내규정 변경이 모든 임직원 여러분들의 근무 환경과 복지 향상에 기여할 수 있기를 바랍니다. 많은 협조와 이해 부탁드립니다.</p><p><br></p><p>감사합니다.</p>','2023-12-10 14:48:00.716000','Y','사내규정 변경의 건',NULL),(5,'1','<p>안녕하세요, 개발팀 이후영입니다.</p><p><br></p><p>오는 12월 22일 금요일, 회의실 노트북 패스워드 변경 작업이 진행될 예정입니다. </p><p><br></p><p>해당 작업에 대한 세부 사항을 안내드리오니, 아래 내용을 참고해 주시기 바랍니다.</p><p><br></p><p><span style=\"color: var(--tw-prose-bold);\">1. 작업 일정:</span></p><ul><li><span style=\"color: var(--tw-prose-bold);\">날짜:</span> 2023년 12월 22일(금)</li><li><span style=\"color: var(--tw-prose-bold);\">시간:</span> 17시 30분 ~ 18시 00분</li></ul><p><span style=\"color: var(--tw-prose-bold);\">2. 작업 내용:</span></p><ul><li>회의실 노트북의 패스워드를 보안 강화 차원에서 변경합니다.</li><li>변경된 패스워드는 작업 완료 후 각 부서 관리자에게 별도로 공지됩니다.</li></ul><p><span style=\"color: var(--tw-prose-bold);\">3. 작업 영향:</span></p><ul><li>작업 시간 동안 회의실 노트북 사용이 일시적으로 제한됩니다.</li><li>18시 이후에는 정상적으로 노트북을 사용하실 수 있습니다.</li></ul><p><span style=\"color: var(--tw-prose-bold);\">4. 협조 요청 사항:</span></p><ul><li>작업 시간 이전에 진행 중인 회의를 마무리해 주시기 바랍니다.</li><li>작업 시간 동안 회의실 예약을 피해 주시기 바랍니다.</li></ul><p><span style=\"color: var(--tw-prose-bold);\">5. 문의 사항:</span></p><ul><li>작업 관련 문의 사항은 개발팀으로 연락 부탁드립니다.</li></ul><p><br></p><p>보안 강화를 위한 이번 작업에 많은 양해 부탁드리며, 불편을 최소화할 수 있도록 최선을 다하겠습니다.</p><p><br></p><p>감사합니다.</p>','2023-12-18 14:49:01.267000','N','회의실 노트북 패스워드 변경 작업 안내 (10/27 금요일 17시30분)',NULL),(6,'1','<p>안녕하세요. 개발팀 이후영입니다.</p><p>&nbsp;</p><p><span style=\"color: rgb(13, 13, 13);\">저희는 보안 강화를 위해 프로그램 보안점검을 실시할 예정입니다. </span></p><p><span style=\"color: rgb(13, 13, 13);\">이에 따라 일시적으로 프로그램의 사용이 중단될 수 있음을 안내드립니다. </span></p><p><span style=\"color: rgb(13, 13, 13);\">보안점검은 저희 서비스의 안전성을 확보하기 위한 조치로 이해해주시기 바랍니다.</span></p><p><br></p><p>기타 사항은 아래 내용을 참고하시기 바랍니다.</p><p>&nbsp;</p><p>&nbsp;&nbsp;&nbsp;&nbsp;&nbsp;&nbsp;&nbsp;&nbsp;&nbsp;&nbsp;&nbsp;&nbsp;&nbsp;-&nbsp;아 래&nbsp;-</p><p>&nbsp;</p><p>1. 작업 시간 : 2023년 12월 29일 목요일 18:00 ~ 24:00</p><p><br></p><p>2. 작업 내용: 프로그램의 보안 취약점 확인 및 보완 조치</p><p><br></p><p>3. 작업 영향: 보안점검 중 프로그램 사용이 일시 중단될 수 있습니다.</p><p><br></p><p>작업 관련 문의사항이 있으신 분은 개발팀으로 연락주시기 바랍니다.</p><p><br></p><p>감사합니다.</p>','2023-12-22 14:49:28.334000','N','프로그램 보안점검 안내( 점검일: 2023.12.29 )',NULL),(7,'5','<p>안녕하세요, 법무팀 김현지입니다.</p><p><br></p><p>우리 법무팀은 조직의 핵심 부서로서, 회사의 합법적 운영과 안정적인 업무 진행을 담당하고 있습니다.</p><p>이에 따라 법무팀에서는 다음과 같은 중요한 사항을 안내드립니다.</p><p><br></p><p><span style=\"color: var(--tw-prose-bold);\">1.근무시간 및 연차 신청 안내:</span></p><ul><li>모든 직원들은 근무시간을 엄격히 준수하여야 합니다. 지각 및 조퇴 시에는 반드시 상위 관리자에게 사전 통보해야 합니다.</li><li>연차 사용 시에는 HR 부서의 정해진 절차에 따라 신청하여 주시기 바랍니다.</li></ul><p><span style=\"color: var(--tw-prose-bold);\">2.기업 내 규정 및 법률 준수:</span></p><ul><li>모든 직원들은 회사의 내규 및 법률을 준수해야 합니다. 특히, 기밀 정보의 보호와 관련된 규정을 엄격히 준수해주시기 바랍니다.</li></ul><p><span style=\"color: var(--tw-prose-bold);\">3.계약및 문서 작성 지침:</span></p><ul><li>법무팀은 계약 및 문서 작성에 대한 권고사항을 제공하고 있습니다. 필요한 경우 법무팀과 상의하여 작성하여 주시기 바랍니다.</li></ul><p><span style=\"color: var(--tw-prose-bold);\">4.법적 문의 및 상담:</span></p><ul><li>법무팀은 회사 내부 직원들의 법률적인 문의나 상담을 환영합니다. 어떠한 법적인 문제도 우리 팀에게 고민해 주시기 바랍니다.</li></ul><p><span style=\"color: var(--tw-prose-bold);\">5.긴급 상황 시 연락처:</span></p><ul><li>긴급한 상황이 발생할 경우 법무팀 담당자에게 직접 연락하여 주시기 바랍니다.</li></ul><p><br></p><p>우리의 조직 안에서는 법무팀의 지침과 지원을 최대한 활용하여 안전하고 합법적인 업무를 진행하고자 합니다.</p><p>모든 직원들의 협조를 부탁드리며, 문의사항이나 의견이 있으시면 언제든지 법무팀에 연락해 주시기 바랍니다.</p><p><br></p><p>감사합니다.</p>','2024-01-14 14:52:32.075000','N','법무팀 공지',NULL),(8,'5','<p>안녕하세요, 법무팀 김현지입니다.</p><p><br></p><p>최근 개인정보 보호의 중요성이 더욱 강조됨에 따라, 법무팀에서는 전 직원 대상 개인정보 보호 교육을 실시하고자 합니다. </p><p><br></p><p>이번 교육은 필수 참석 교육으로, 모든 직원분들께서는 아래 일정을 확인하시고 참석해주시기 바랍니다.</p><p><br></p><p>교육 일정:</p><p><br></p><p><span style=\"color: var(--tw-prose-bold);\">일자</span>: 2024년 1월 21일</p><p><span style=\"color: var(--tw-prose-bold);\">시간</span>: 오후 2시 ~ 4시</p><p><span style=\"color: var(--tw-prose-bold);\">장소</span>: 본사 대회의실</p><p><br></p><p>교육 내용:</p><p><span style=\"color: var(--tw-prose-bold);\">1. 개인정보 보호법 개요</span></p><p>	개인정보 보호법의 주요 내용 및 최근 개정사항</p><p>	개인정보 처리 방침 및 내부 규정</p><p class=\"ql-indent-1\"><br></p><p><span style=\"color: var(--tw-prose-bold);\">2. 개인정보의 수집, 이용, 보관 및 파기</span></p><p>	개인정보의 올바른 수집 및 이용 방법</p><p>	개인정보 보관 및 파기 절차</p><p class=\"ql-indent-1\"><br></p><p><span style=\"color: var(--tw-prose-bold);\">3. 개인정보 유출 대응 방안</span></p><p>	개인정보 유출 시 대응 절차</p><p>	유출 사례 및 예방 방법</p><p class=\"ql-indent-1\"><br></p><p><span style=\"color: var(--tw-prose-bold);\">4. 실습 및 질의응답</span></p><p>	개인정보 보호 실습</p><p>	직원들의 질의응답 시간</p><p><br></p><p>기타 사항:</p><p>교육 자료는 교육 후 이메일로 배포될 예정입니다.</p><p><br></p><p>교육 참석이 어려운 경우 사전에 법무팀으로 연락 주시기 바랍니다.</p><p><br></p><p>이번 교육을 통해 모든 직원분들이 개인정보 보호의 중요성을 인식하고, 올바른 처리 방식을 숙지할 수 있기를 바랍니다. </p><p><br></p><p>많은 관심과 참석 부탁드립니다.</p><p><br></p><p>감사합니다.</p><p><br></p>','2024-01-15 14:53:16.663000','N','개인정보 보호 교육 실시 안내(2024년 1월 21일)',NULL),(9,'2','<p>안녕하세요, 인사팀 박다은입니다.</p><p><br></p><p>저희 회사에 새로운 동료가 함께하게 되었습니다! 이제 우리 팀이 더욱 다채롭고 풍성해졌습니다.</p><p><br></p><p>새로 합류하신 아무개님을 진심으로 환영합니다. </p><p><br></p><p>우리는 아무개님과 함께 일하게 되어 기쁘게 생각합니다. </p><p><br></p><p>우리는 서로를 이해하고 존중하는 문화를 더욱 강화하며 함께 성장하는 데 힘쓸 것입니다.</p><p><br></p><p>아무개님께서 우리 팀에 참여하시는 것을 환영합니다. 함께 행복한 순간을 나누고 성공적인 결과를 이루기를 기대합니다.</p><p><br></p><p>다시 한 번 환영합니다!</p><p><br></p><p>감사합니다.</p>','2024-02-03 14:54:14.906000','Y','신규 직원 환영 인사 ',NULL),(10,'2405634','<p>안녕하세요, 임직원 여러분.</p><p><br></p><p>다가오는 2024년을 맞이하여 사내 워크숍 일정을 안내드립니다. </p><p><br></p><p>이번 워크숍은 팀 빌딩 및 직원 역량 강화를 목적으로 다양한 프로그램이 준비되어 있으니, 많은 참여 부탁드립니다.</p><h4><br></h4><h4>워크숍 일정 및 세부 사항</h4><p><span style=\"color: var(--tw-prose-bold);\">1. 일정:</span></p><ul><li><span style=\"color: var(--tw-prose-bold);\">날짜:</span> 2024년 2월 15일(월) ~ 2024년 2월 17일(수)</li><li><span style=\"color: var(--tw-prose-bold);\">시간:</span> 오전 9시 ~ 오후 5시</li></ul><p><span style=\"color: var(--tw-prose-bold);\">2. 장소:</span></p><ul><li><span style=\"color: var(--tw-prose-bold);\">장소:</span> 경기도 가평군 청평리 리조트</li><li><span style=\"color: var(--tw-prose-bold);\">주소:</span> 경기도 가평군 청평리 123-45</li></ul><p><span style=\"color: var(--tw-prose-bold);\">3. 프로그램 구성:</span></p><ul><li><span style=\"color: var(--tw-prose-bold);\">첫째 날 (2월 15일):</span></li><li class=\"ql-indent-1\"><span style=\"color: var(--tw-prose-bold);\">오전:</span> 개회식 및 워크숍 소개</li><li class=\"ql-indent-1\"><span style=\"color: var(--tw-prose-bold);\">오후:</span> 팀 빌딩 활동 (레크리에이션, 팀워크 게임)</li><li><span style=\"color: var(--tw-prose-bold);\">둘째 날 (2월 16일):</span></li><li class=\"ql-indent-1\"><span style=\"color: var(--tw-prose-bold);\">오전:</span> 전문가 초청 강연 (리더십, 협업 전략)</li><li class=\"ql-indent-1\"><span style=\"color: var(--tw-prose-bold);\">오후:</span> 분임 토의 및 발표 (부서별 문제 해결 방안)</li><li><span style=\"color: var(--tw-prose-bold);\">셋째 날 (2월 17일):</span></li><li class=\"ql-indent-1\"><span style=\"color: var(--tw-prose-bold);\">오전:</span> 야외 활동 (등산, 레프팅)</li><li class=\"ql-indent-1\"><span style=\"color: var(--tw-prose-bold);\">오후:</span> 폐회식 및 시상식</li></ul><p><span style=\"color: var(--tw-prose-bold);\">4. 준비물:</span></p><ul><li>개인 세면도구, 운동화, 간편한 복장</li><li>노트북 및 필기구</li></ul><p><span style=\"color: var(--tw-prose-bold);\">5. 기타 사항:</span></p><ul><li>워크숍 참석 신청은 2024년 02월 05일까지 총무팀으로 제출해주시기 바랍니다.</li><li>워크숍 관련 문의는 총무팀으로 연락 부탁드립니다.</li></ul><p><br></p><p>이번 워크숍을 통해 더욱 단합된 회사 문화를 형성하고, 직원 여러분의 역량이 한층 더 성장하는 계기가 되기를 기대합니다. </p><p><br></p><p>많은 관심과 참여 부탁드립니다.</p><p><br></p><p>감사합니다.</p>','2024-02-10 14:54:58.658000','N','사내 워크숍 일정 안내',NULL),(11,'2','<p>안녕하세요, 인사팀 박다은입니다.</p><p><br></p><p>여러분의 건강과 복지를 최우선으로 생각해 매년 실시하는 건강 검진 프로그램을 올해도 진행하고자 합니다. </p><p><br></p><p>아래 내용을 참고하시어 빠짐없이 건강 검진에 참여해 주시기 바랍니다.</p><p><br></p><h4>건강 검진 프로그램 세부 사항</h4><p><br></p><p><span style=\"color: var(--tw-prose-bold);\">1. 검진 대상:</span></p><ul><li>전 임직원 (신입사원 포함)</li></ul><p><span style=\"color: var(--tw-prose-bold);\">2. 검진 기간:</span></p><ul><li>2024년 03월 01일(금) ~ 2024년 03월 15일(금)</li></ul><p><span style=\"color: var(--tw-prose-bold);\">3. 검진 장소:</span></p><ul><li>지정 병원: 서울 메디컬 센터</li><li>기타 협약 병원: 상세 정보는 별첨 파일 참고</li></ul><p><span style=\"color: var(--tw-prose-bold);\">4. 검진 항목:</span></p><ul><li>기본 검진: 신체 검사, 혈액 검사, 소변 검사, X-레이, 심전도 검사 등</li><li>추가 검진: 암 검진, 뇌 MRI, 심장 초음파 등 (필요시 개별 신청 가능)</li></ul><p><span style=\"color: var(--tw-prose-bold);\">5. 검진 예약:</span></p><ul><li>온라인 예약: 회사 인트라넷 건강 검진 예약 시스템을 통해 신청</li><li>예약 기간: 2024년 02월 12일(월) ~ 2024년 2월 28일(목)</li><li>예약 방법: 인트라넷 로그인 후, \"건강 검진 예약\" 메뉴 선택</li></ul><p><span style=\"color: var(--tw-prose-bold);\">6. 검진 비용:</span></p><ul><li>기본 검진: 회사 전액 지원</li><li>추가 검진: 회사 50% 지원 (개인 부담 50%)</li></ul><p><span style=\"color: var(--tw-prose-bold);\">7. 검진 결과:</span></p><ul><li>결과 통보: 검진 완료 후 2주 이내에 개별 통보</li><li>결과 상담: 검진 결과에 따른 건강 상담 및 치료 권고 사항 제공</li></ul><p><span style=\"color: var(--tw-prose-bold);\">8. 유의 사항:</span></p><ul><li>검진 전날 저녁 9시 이후 금식 (물 포함)</li><li>검진 당일 신분증 및 회사 ID 지참</li><li>특정 약물 복용 중인 경우, 사전에 담당 의사와 상의 후 검진 예약</li></ul><h4>기타 문의 사항</h4><ul><li>건강 검진 프로그램 관련 문의: 인사팀 담당자</li><li><br></li></ul><p>여러분의 건강은 회사의 가장 큰 자산입니다. 바쁜 업무 중에도 꼭 시간을 내어 건강 검진을 받으시길 부탁드립니다. 건강한 생활이 행복한 삶의 시작입니다.</p><p><br></p><p>감사합니다.</p>','2024-02-12 14:55:18.759000','N','건강 검진 프로그램 안내',NULL),(12,'3','<p>안녕하세요, 기획팀 이진우입니다.</p><p><br></p><p>임직원 여러분의 만족도를 높이기 위해 다양한 직원 할인 혜택을 마련하였습니다. </p><p><br></p><p>아래 혜택들을 통해 여러분의 일상 생활과 여가 활동에 조금이나마 도움이 되길 바랍니다.</p><h4><br></h4><h4>직원 할인 혜택</h4><p><span style=\"color: var(--tw-prose-bold);\">1. 복합 쇼핑몰 할인:</span></p><ul><li><span style=\"color: var(--tw-prose-bold);\">파트너사:</span> 스타몰, 더프라자몰</li><li><span style=\"color: var(--tw-prose-bold);\">혜택:</span> 전 제품 10% 할인</li><li><span style=\"color: var(--tw-prose-bold);\">적용 방법:</span> 사원증 제시 또는 사내 인트라넷 쿠폰 코드 사용</li></ul><p><span style=\"color: var(--tw-prose-bold);\">2. 헬스장 할인:</span></p><ul><li><span style=\"color: var(--tw-prose-bold);\">파트너사:</span> 피트니스 월드, 파워짐</li><li><span style=\"color: var(--tw-prose-bold);\">혜택:</span> 연간 회원권 20% 할인</li><li><span style=\"color: var(--tw-prose-bold);\">적용 방법:</span> 사원증 제시</li></ul><p><span style=\"color: var(--tw-prose-bold);\">3. 영화관 할인:</span></p><ul><li><span style=\"color: var(--tw-prose-bold);\">파트너사:</span> 메가시네마, 영화천국</li><li><span style=\"color: var(--tw-prose-bold);\">혜택:</span> 영화 티켓 30% 할인</li><li><span style=\"color: var(--tw-prose-bold);\">적용 방법:</span> 사원증 제시 또는 사내 인트라넷 예매</li></ul><p><span style=\"color: var(--tw-prose-bold);\">4. 외식 할인:</span></p><ul><li><span style=\"color: var(--tw-prose-bold);\">파트너사:</span> 맛있는 세상, 푸드타운</li><li><span style=\"color: var(--tw-prose-bold);\">혜택:</span> 전 메뉴 15% 할인</li><li><span style=\"color: var(--tw-prose-bold);\">적용 방법:</span> 사원증 제시 또는 사내 인트라넷 쿠폰 코드 사용</li></ul><p><span style=\"color: var(--tw-prose-bold);\">5. 서점 및 온라인 서점 할인:</span></p><ul><li><span style=\"color: var(--tw-prose-bold);\">파트너사:</span> 북월드, 북스토어 온라인</li><li><span style=\"color: var(--tw-prose-bold);\">혜택:</span> 도서 20% 할인</li><li><span style=\"color: var(--tw-prose-bold);\">적용 방법:</span> 사원증 제시 또는 사내 인트라넷 쿠폰 코드 사용</li></ul><p><span style=\"color: var(--tw-prose-bold);\">6. 여행사 할인:</span></p><ul><li><span style=\"color: var(--tw-prose-bold);\">파트너사:</span> 트래블 메이트, 월드 투어</li><li><span style=\"color: var(--tw-prose-bold);\">혜택:</span> 국내 및 해외 여행 상품 10% 할인</li><li><span style=\"color: var(--tw-prose-bold);\">적용 방법:</span> 사원증 제시 또는 사내 인트라넷 쿠폰 코드 사용</li></ul><h4>기타 사항</h4><ul><li>모든 할인 혜택은 2024년 03월 01일부터 적용됩니다.</li><li>추가적인 문의 사항은 기획팀으로 연락 주시기 바랍니다.</li><li><br></li></ul><p>회사는 여러분의 편의를 위해 다양한 혜택을 제공하고자 노력하고 있습니다. 많은 이용 부탁드립니다.</p><p><br></p><p>감사합니다.</p>','2024-02-21 14:55:40.836000','N','직원 할인 혜택 안내',NULL),(13,'2','<p>안녕하세요, 인사팀 박다은입니다.</p><p><br></p><p>먼저, 여러분께 한 가지 중요한 소식을 전해드리고자 합니다.</p><p>오랜 기간 동안 우리 회사의 성장과 발전에 큰 기여를 해주신 양주란님께서 개인적인 사정으로 인해 2024년 02월 28일 부로 퇴사하게 되었습니다.</p><p><br></p><h4><br></h4><p>양주란님은 지난 5년간 법무팀에서 근무하시면서, 다양한 프로젝트와 계약 검토 업무를 성공적으로 수행해주셨습니다.</p><p>특히, 최근 법무팀의 계약서 작성 및 검토 프로세스 개선 프로젝트를 주도하며 팀의 업무 효율성을 크게 향상시키는 데 기여하셨습니다.</p><p>양주란님의 열정과 헌신은 많은 동료들에게 귀감이 되었으며, 항상 긍정적인 에너지로 팀의 분위기를 밝게 만들어주셨습니다.</p><p>양주란님의 빈자리는 매우 크게 느껴지겠지만, 새로운 시작을 응원하며 모든 동료들이 함께 축복해주셨으면 합니다.</p><h4><br></h4><p>양주란님께서 퇴사 전 마지막 근무일인<strong> 02월 28일, 오후 4시</strong>부터 <strong>본사 로비</strong>에서 간단한 송별회를 가질 예정입니다.</p><p>모든 분들께서 참석하셔서 김현지 대리님의 새로운 출발을 축하해 주시고, 따뜻한 격려의 말씀을 전해주시기 바랍니다.</p><h4><br></h4><h4>퇴사자 안내:</h4><ul><li><span style=\"color: var(--tw-prose-bold);\">이름</span>: 양주란 과장</li><li><span style=\"color: var(--tw-prose-bold);\">부서</span>: 법무팀</li><li><span style=\"color: var(--tw-prose-bold);\">퇴사일</span>: 2024년 02월 28일</li></ul><p><br></p><h4>기타 사항:</h4><ul><li>양주란님의 퇴사로 인한 업무 인수인계는 이미 완료된 상태입니다. 추가적인 문의 사항이나 업무 관련 사항은 법무팀으로 연락 주시기 바랍니다.</li></ul><p><br></p><p>그동안의 노고에 깊이 감사드리며, 앞으로의 앞날에 행운이 가득하시기를 기원합니다.</p><p><br></p><p>감사합니다.</p>','2024-02-22 14:56:02.914000','N','퇴사자 안내 및 인사말','2024-05-29 16:47:25.954000'),(14,'2','<p>안녕하세요, 인사팀 박다은입니다.</p><p><br></p><p>회사는 여러분의 복지 향상을 위해 사내 복지 제도를 아래와 같이 변경하게 되었음을 알려드립니다. </p><p><br></p><p>이번 변경 사항은 2024년 03월 01일부로 시행되며, 복지 제도 개선을 통해 더욱 만족스러운 근무 환경을 제공하고자 합니다.</p><p><br></p><h4>변경 사항</h4><p><span style=\"color: var(--tw-prose-bold);\">1. 유연 근무제 확대:</span></p><ul><li><span style=\"color: var(--tw-prose-bold);\">현행:</span> 주 2회 유연 근무 가능</li><li><span style=\"color: var(--tw-prose-bold);\">변경:</span> 주 3회 유연 근무 가능</li><li><span style=\"color: var(--tw-prose-bold);\">적용 대상:</span> 전 임직원</li></ul><p><span style=\"color: var(--tw-prose-bold);\">2. 자기 계발 지원:</span></p><ul><li><span style=\"color: var(--tw-prose-bold);\">현행:</span> 연간 최대 50만 원 자기 계발비 지원</li><li><span style=\"color: var(--tw-prose-bold);\">변경:</span> 연간 최대 100만 원 자기 계발비 지원</li><li><span style=\"color: var(--tw-prose-bold);\">적용 항목:</span> 외국어 학습, 직무 관련 교육, 자격증 취득 등</li></ul><p><span style=\"color: var(--tw-prose-bold);\">3. 육아 지원 강화:</span></p><ul><li><span style=\"color: var(--tw-prose-bold);\">현행:</span> 육아 휴직 최대 1년</li><li><span style=\"color: var(--tw-prose-bold);\">변경:</span> 육아 휴직 최대 1년 6개월 (6개월 연장 가능)</li><li><span style=\"color: var(--tw-prose-bold);\">육아 지원금:</span> 월 30만 원 지원 (육아 휴직 기간 중)</li></ul><p><br></p><h4>기타 사항</h4><ul><li>복지 제도 변경에 따른 문의 사항은 인사팀으로 연락 주시기 바랍니다.</li><li><br></li></ul><p>회사는 항상 여러분의 복지 향상과 근무 환경 개선을 위해 최선을 다하겠습니다. 많은 관심과 참여 부탁드립니다.</p><p><br></p><p>감사합니다.</p>','2024-03-01 14:56:21.917000','N','사내 복지 제도 변경 안내',NULL),(15,'2','<p>안녕하세요, 인사팀 박다은입니다.</p><p><br></p><p>우리는 매 순간 더 나은 자기 계발과 성장을 지향합니다. </p><p>이를 위해 저희 아무개 회사은 새로운 교육 프로그램을 출시하게 되었음을 기쁘게 알려드립니다!</p><p><br></p><p><span style=\"color: var(--tw-prose-bold);\">프로그램 소개:</span></p><p>이번에 출시되는 교육 프로그램은 코딩 누구나 쉽게 배울 수 있다는 주제입니다. 우리는 이 프로그램을 통해 직원의 개인 역량 증진에 도움을 줄 것으로 기대합니다.</p><p><br></p><p><span style=\"color: var(--tw-prose-bold);\">참여 대상:</span></p><p>이 프로그램은 모든 직원을 대상으로 합니다. 누구나 자유롭게 참여하실 수 있습니다.</p><p><br></p><p><span style=\"color: var(--tw-prose-bold);\">일정 및 장소:</span></p><p>프로그램 일정 2024-03-18(월)~2024-03-29{금)  월,수,금 오후 6시~9시에 진행되며,</p><p>장소: 본사 회의실에서 진행될 예정입니다.</p><p><br></p><p><span style=\"color: var(--tw-prose-bold);\">참가 신청:</span></p><p>프로그램에 참가하고자 하는 분들은 이메일을 통해 참여를 신청해주세요. <strong>신청 마감일은 03월 10일까지</strong>입니다.</p><p><br></p><p><span style=\"color: var(--tw-prose-bold);\">추가 정보 및 문의:</span></p><p>프로그램에 대한 자세한 정보 및 문의사항은 인사팀으로 문의해주시기 바랍니다.</p><p>새로운 교육 프로그램에 대한 많은 관심과 참여를 부탁드립니다. 함께 성장하는 과정에서 서로를 지원하고 응원하는 것을 기대합니다.</p><p><br></p><p>감사합니다.</p>','2024-03-03 14:56:40.067000','N','신규 교육 프로그램 공지',NULL),(16,'2','<p>안녕하세요,</p><p>저희 아무개 회사는 항상 우수한 인재를 발견하고 성장시키는 것을 최우선으로 생각합니다.</p><p>오늘은 회사 내 몇몇 동료들의 업적과 열정에 대한 인정의 순간입니다. 우리는 그들의 새로운 역할을 축하하고 함께 동참하기를 기대합니다.</p><p><br></p><p><span style=\"color: var(--tw-prose-bold);\">인사 이동 및 승진:</span></p><p>이진우님께서 개발팀에서 기획팀로 이동하게 되었고</p><p>사원에서 대리로 승진하게 되었습니다. 이진우님의 탁월한 능력과 열정이 저희 조직의 성장과 발전에 기여할 것으로 확신합니다.</p><p>새로운 도전에 임하시는 모든 분들의 성공을 응원하며, 함께 일하는 즐거움과 성취감을 나누기를 기대합니다.</p><p><br></p><p>축하합니다!</p><p><br></p><p>감사합니다.</p>','2024-04-01 14:56:47.506000','N','인사 이동 및 승진 발표',NULL),(17,'2','<p>안녕하세요. 인사팀 박다은입니다.</p><p>&nbsp;</p><p>사내 워크샵 진행에 따른 안내 말씀 드립니다.</p><p><br></p><p>창립기념일을 맞이하여 사내 워크샵을 진행하려고 합니다.</p><p><br></p><p>아래 공지에 맞도록 시간을 비워주시기 바랍니다.</p><p><br></p><p>기타 사항은 아래 내용을 참고하시기 바랍니다.</p><p><br></p><p>&nbsp;-&nbsp;아 래&nbsp;-</p><p>&nbsp;</p><p>1. 일정 : 2024년 06월 25일 금요일 09:00~18:00</p><p>&nbsp;</p><p>2. 내용 : 사내 워크샵 진행 </p><p>&nbsp;</p><p>워크샵 관련 문의사항이 있으신 분은 인사팀으로 연락주시기 바랍니다.</p><p><br></p><p>감사합니다.</p>','2024-04-26 15:38:28.667000','Y','사내 워크샵 진행 공지',NULL),(18,'2','<p>특채사원 입사 안내</p><p><br></p><p>안녕하세요, 데플 임직원 여러분.</p><p>기쁜 소식을 전해드립니다! 당사에 새로운 특채사원 6명이 입사하게 되었습니다.</p><p>이번에 합류한 인재들은 각각 개발팀과 기획팀에서 활동하게 됩니다. 자세한 사항은 아래를 참고해 주세요.</p><p><br></p><p>주요 일정:</p><p>오리엔테이션: 2024년 6월 4일(화) 오후 4시, 본사 회의실</p><p>부서 배치 및 업무 교육: 2024년 6월 5일(수)부터 시작</p><p>입사자 명단:</p><p>개발팀 (3명)</p><ul><li>이개발</li><li>삼개발</li><li>사개발</li></ul><p>기획팀 (3명)</p><ul><li>이기획</li><li>삼기획</li><li>사기획</li></ul><p><br></p><p>참고 사항:</p><p>사원증 발급: 모든 신입사원은 오리엔테이션 당일에 사원증을 수령할 예정입니다.</p><p>업무 매뉴얼 제공: 각 부서에서 필요로 하는 업무 매뉴얼은 별도로 제공될 예정입니다.</p><p>멘토 지정: 신입사원들을 위해 각 부서별 멘토가 지정될 예정이니, 원활한 적응을 위해 적극적으로 도움을 주시기 바랍니다.</p><p><br></p><p>기타 안내:</p><p>신입사원들은 기존 사원들과 원활한 소통을 통해 빠르게 적응할 수 있도록 노력할 예정입니다. 많은 관심과 격려 부탁드립니다.</p><p>추가적인 문의사항이 있으시면 인사팀으로 연락 주시기 바랍니다.</p><p>새로 합류한 특채사원들과 함께 더욱 발전하는 데플이 되기를 바랍니다. 여러분의 협조와 환영을 부탁드립니다.</p><p><br></p><p>감사합니다.</p>','2024-05-30 05:54:25.723000','Y','특채사원 입사 안내 공지','2024-05-30 11:15:38.506000');
/*!40000 ALTER TABLE `tbl_notice` ENABLE KEYS */;
UNLOCK TABLES;

--
-- Table structure for table `tbl_notice_file`
--

DROP TABLE IF EXISTS `tbl_notice_file`;
/*!40101 SET @saved_cs_client     = @@character_set_client */;
/*!50503 SET character_set_client = utf8mb4 */;
CREATE TABLE `tbl_notice_file` (
  `notice_file_no` int NOT NULL AUTO_INCREMENT,
  `notice_file_name` varchar(255) NOT NULL,
  `notice_file_ori_name` varchar(255) NOT NULL,
  `notice_file_path` varchar(255) NOT NULL,
  `notice_no` int NOT NULL,
  PRIMARY KEY (`notice_file_no`)
) ENGINE=InnoDB AUTO_INCREMENT=3 DEFAULT CHARSET=utf8mb4 COLLATE=utf8mb4_0900_ai_ci;
/*!40101 SET character_set_client = @saved_cs_client */;

--
-- Dumping data for table `tbl_notice_file`
--

LOCK TABLES `tbl_notice_file` WRITE;
/*!40000 ALTER TABLE `tbl_notice_file` DISABLE KEYS */;
INSERT INTO `tbl_notice_file` VALUES (1,'3c40e44b45934a7eba680d6173012ca6.사내규정_2023.12.txt','사내규정_2023.12.txt','3c40e44b45934a7eba680d6173012ca6.사내규정_2023.12.txt.txt',4),(2,'7c186b35391c41df993ad1b13d4e4e2a.스크린샷 2024-05-28 104551.png','스크린샷 2024-05-28 104551.png','7c186b35391c41df993ad1b13d4e4e2a.스크린샷 2024-05-28 104551.png.png',17);
/*!40000 ALTER TABLE `tbl_notice_file` ENABLE KEYS */;
UNLOCK TABLES;

--
-- Table structure for table `tbl_participant`
--

DROP TABLE IF EXISTS `tbl_participant`;
/*!40101 SET @saved_cs_client     = @@character_set_client */;
/*!50503 SET character_set_client = utf8mb4 */;
CREATE TABLE `tbl_participant` (
  `participant_no` bigint NOT NULL AUTO_INCREMENT,
  `participant_member_no` varchar(255) DEFAULT NULL,
  `participant_name` varchar(255) DEFAULT NULL,
  `skd_no` int DEFAULT NULL,
  PRIMARY KEY (`participant_no`),
  KEY `FKl1yk3313bi9axdvki6ppv0av1` (`skd_no`),
  CONSTRAINT `FKl1yk3313bi9axdvki6ppv0av1` FOREIGN KEY (`skd_no`) REFERENCES `tbl_schedule` (`skd_no`)
) ENGINE=InnoDB AUTO_INCREMENT=134 DEFAULT CHARSET=utf8mb4 COLLATE=utf8mb4_0900_ai_ci;
/*!40101 SET character_set_client = @saved_cs_client */;

--
-- Dumping data for table `tbl_participant`
--

LOCK TABLES `tbl_participant` WRITE;
/*!40000 ALTER TABLE `tbl_participant` DISABLE KEYS */;
INSERT INTO `tbl_participant` VALUES (1,'2405152','부스터',10),(2,'2','박다은',10),(11,'3','이진우',16),(12,'2405206','삼진우',19),(13,'2405765','사진우',19),(26,'2405566','김개발',27),(27,'2405953','남윤진',27),(28,NULL,NULL,27),(29,'2405953','남윤진',27),(31,'2405566','김개발',32),(32,'2405566','김개발',34),(34,'2405953','남윤진',36),(35,'2405566','김개발',36),(36,'2405984','나몰뺴미',36),(37,NULL,NULL,27),(38,NULL,NULL,27),(39,'1','이후영',37),(40,'2405566','김개발',37),(41,'2405953','남윤진',37),(42,'2405406','김법무',38),(43,'5','김현지',38),(44,'2405406','김법무',38),(45,'5','김현지',38),(54,'2405152','부스터',10),(55,'2','박다은',10),(61,'2405206','삼진우',40),(62,'2405404','오진우',40),(63,'2405765','사진우',40),(69,'1','이후영',43),(70,'2405566','김개발',43),(71,'2405953','남윤진',43),(72,'2405984','나몰뺴미',43),(73,'1','이후영',43),(74,'2405566','김개발',43),(75,'2405953','남윤진',43),(76,'2405984','나몰뺴미',43),(77,'2405404','오진우',44),(78,'3','이진우',45),(79,'2405288','미끄레곤',45),(82,NULL,NULL,27),(83,'2405953','남윤진',27),(84,NULL,NULL,27),(85,NULL,NULL,27),(86,'2405984','나몰뺴미',27),(87,'2405566','김개발',27),(88,'1','이후영',27),(89,'2405566','김개발',36),(90,'1','이후영',36),(91,'1','이후영',37),(92,'2405566','김개발',37),(93,'2405953','남윤진',37),(94,'2405984','나몰뺴미',37),(95,'2405566','김개발',32),(96,'1','이후영',32),(99,'1','이후영',43),(100,'2405538','이신입',43),(101,'2405552','신입',43),(102,'2405566','김개발',43),(103,'2405744','신입사원',43),(104,'2405953','남윤진',43),(105,'2405984','나몰뺴미',43),(106,'1','이후영',37),(107,'2405566','김개발',37),(108,'2405953','남윤진',37),(109,'1','이후영',37),(110,'2405566','김개발',37),(111,'2405953','남윤진',37),(112,'2405984','나몰뺴미',37),(113,'1','이후영',48),(114,'2405984','나몰뺴미',48),(115,'2405538','이신입',48),(126,'1','이후영',50),(127,'2405538','이신입',50),(128,'1','이후영',51),(129,'2405566','김개발',51),(130,'2405744','박개발',51),(131,'2405953','남윤진',52),(132,'2405984','나몰뺴미',52),(133,'2405552','최개발',53);
/*!40000 ALTER TABLE `tbl_participant` ENABLE KEYS */;
UNLOCK TABLES;

--
-- Table structure for table `tbl_position`
--

DROP TABLE IF EXISTS `tbl_position`;
/*!40101 SET @saved_cs_client     = @@character_set_client */;
/*!50503 SET character_set_client = utf8mb4 */;
CREATE TABLE `tbl_position` (
  `position_no` int NOT NULL AUTO_INCREMENT,
  `position_authority` enum('LV1','LV2','LV3','ADMIN') DEFAULT NULL,
  `position_level` int DEFAULT NULL,
  `position_name` varchar(255) DEFAULT NULL,
  `position_status` char(1) DEFAULT NULL,
  PRIMARY KEY (`position_no`)
) ENGINE=InnoDB AUTO_INCREMENT=4 DEFAULT CHARSET=utf8mb4 COLLATE=utf8mb4_0900_ai_ci;
/*!40101 SET character_set_client = @saved_cs_client */;

--
-- Dumping data for table `tbl_position`
--

LOCK TABLES `tbl_position` WRITE;
/*!40000 ALTER TABLE `tbl_position` DISABLE KEYS */;
INSERT INTO `tbl_position` VALUES (1,'LV1',1,'사원','Y'),(2,'LV2',2,'대리','Y'),(3,'LV3',3,'대표','Y');
/*!40000 ALTER TABLE `tbl_position` ENABLE KEYS */;
UNLOCK TABLES;

--
-- Table structure for table `tbl_receiver`
--

DROP TABLE IF EXISTS `tbl_receiver`;
/*!40101 SET @saved_cs_client     = @@character_set_client */;
/*!50503 SET character_set_client = utf8mb4 */;
CREATE TABLE `tbl_receiver` (
  `receiver_no` int NOT NULL AUTO_INCREMENT,
  `mail_no` int DEFAULT NULL,
  `read_time` datetime(6) DEFAULT NULL,
  `receiver_del_status` char(1) NOT NULL,
  `receiver_mem` varchar(255) NOT NULL,
  PRIMARY KEY (`receiver_no`)
) ENGINE=InnoDB AUTO_INCREMENT=116 DEFAULT CHARSET=utf8mb4 COLLATE=utf8mb4_0900_ai_ci;
/*!40101 SET character_set_client = @saved_cs_client */;

--
-- Dumping data for table `tbl_receiver`
--

LOCK TABLES `tbl_receiver` WRITE;
/*!40000 ALTER TABLE `tbl_receiver` DISABLE KEYS */;
INSERT INTO `tbl_receiver` VALUES (41,41,NULL,'N','3'),(42,41,NULL,'N','4'),(43,41,NULL,'N','2405566'),(44,41,'2024-05-29 16:51:41.308834','N','2405984'),(45,42,NULL,'N','2405566'),(46,42,'2024-05-29 22:25:57.849736','N','2405953'),(47,42,'2024-05-29 17:11:47.957431','N','2405984'),(48,43,'2024-05-29 16:55:43.897032','N','1'),(49,44,'2024-05-29 16:56:16.804656','N','1'),(50,45,NULL,'N','2405953'),(51,46,NULL,'N','2405984'),(52,47,NULL,'N','1'),(53,48,'2024-05-29 17:15:49.415726','N','1'),(54,49,'2024-05-30 08:19:16.618770','N','1'),(55,50,NULL,'N','2405953'),(56,51,NULL,'N','2405984'),(57,52,NULL,'N','2405987'),(58,53,NULL,'N','240580'),(59,54,NULL,'N','2405152'),(60,55,'2024-05-31 04:53:58.445587','N','2405634'),(61,55,NULL,'N','5'),(62,56,NULL,'N','4'),(63,57,NULL,'N','2405566'),(64,57,NULL,'N','2405288'),(65,57,'2024-05-29 17:47:16.547269','N','2405984'),(66,57,'2024-05-31 05:41:29.517778','N','2405284'),(67,57,NULL,'N','2405152'),(68,57,NULL,'N','4'),(69,57,'2024-05-29 17:44:45.439824','N','5'),(70,57,'2024-05-29 17:45:40.147448','N','3'),(71,58,'2024-05-29 17:46:32.512634','N','2'),(72,59,'2024-05-29 17:46:34.783940','N','2'),(73,60,NULL,'N','2'),(74,61,'2024-05-31 05:49:17.924612','N','1'),(75,61,'2024-05-30 11:24:52.779416','N','2'),(76,61,NULL,'N','3'),(77,61,NULL,'N','5'),(78,62,'2024-05-30 06:49:24.475642','N','2'),(79,63,NULL,'Y','1'),(80,64,NULL,'Y','2'),(81,65,NULL,'N','2405953'),(82,66,NULL,'N','2'),(83,67,NULL,'N','1'),(84,68,'2024-05-30 09:03:07.830360','N','1'),(85,69,'2024-05-30 09:41:34.618682','N','2'),(86,70,'2024-05-30 20:21:17.677408','Y','2405634'),(87,71,NULL,'N','2405953'),(88,72,NULL,'N','1'),(89,73,NULL,'N','2'),(90,74,NULL,'N','1'),(91,75,NULL,'N','2'),(92,76,NULL,'N','3'),(93,77,NULL,'N','4'),(94,78,NULL,'N','4'),(95,79,'2024-05-30 09:43:19.184293','Y','2405634'),(96,80,NULL,'Y','2'),(97,81,NULL,'N','1'),(98,82,NULL,'Y','2'),(99,83,'2024-05-30 10:54:44.787834','N','1'),(100,84,'2024-05-30 20:21:18.938053','Y','2405634'),(103,86,NULL,'Y','1'),(104,86,NULL,'Y','2405984'),(105,87,'2024-05-31 05:49:20.229606','N','1'),(106,88,NULL,'N','2405406'),(107,88,NULL,'N','2405936'),(108,88,NULL,'N','5'),(109,89,'2024-05-31 05:49:22.497146','N','1'),(110,90,'2024-05-31 05:41:50.419476','N','2405284'),(111,91,'2024-05-31 05:48:51.403633','N','2405634'),(112,92,'2024-05-31 05:48:54.696214','N','2405634'),(113,93,NULL,'Y','2'),(114,94,'2024-05-31 11:10:54.590426','N','1'),(115,95,NULL,'N','2405634');
/*!40000 ALTER TABLE `tbl_receiver` ENABLE KEYS */;
UNLOCK TABLES;

--
-- Table structure for table `tbl_refline`
--

DROP TABLE IF EXISTS `tbl_refline`;
/*!40101 SET @saved_cs_client     = @@character_set_client */;
/*!50503 SET character_set_client = utf8mb4 */;
CREATE TABLE `tbl_refline` (
  `ref_line_no` int NOT NULL AUTO_INCREMENT,
  `approval_no` int NOT NULL,
  `member_no` varchar(255) NOT NULL,
  PRIMARY KEY (`ref_line_no`),
  KEY `FKl73mxgw4phnkkqb4a7tjq6wsw` (`member_no`),
  KEY `FKpoxgp2k3qb29r0qna4th2qgqm` (`approval_no`),
  CONSTRAINT `FKl73mxgw4phnkkqb4a7tjq6wsw` FOREIGN KEY (`member_no`) REFERENCES `tbl_member` (`member_no`),
  CONSTRAINT `FKpoxgp2k3qb29r0qna4th2qgqm` FOREIGN KEY (`approval_no`) REFERENCES `tbl_approval` (`approval_no`)
) ENGINE=InnoDB AUTO_INCREMENT=21 DEFAULT CHARSET=utf8mb4 COLLATE=utf8mb4_0900_ai_ci;
/*!40101 SET character_set_client = @saved_cs_client */;

--
-- Dumping data for table `tbl_refline`
--

LOCK TABLES `tbl_refline` WRITE;
/*!40000 ALTER TABLE `tbl_refline` DISABLE KEYS */;
INSERT INTO `tbl_refline` VALUES (1,3,'1'),(2,2,'2405984'),(3,3,'3'),(4,4,'4'),(5,2,'2405288'),(6,3,'2405984'),(7,3,'2405152'),(8,3,'2405634'),(9,4,'2405161'),(10,4,'240580'),(11,5,'2405284'),(12,6,'2405284'),(13,6,'2405634'),(14,7,'2405284'),(15,8,'2405284'),(16,9,'2405284'),(17,10,'2405284'),(18,11,'2405284'),(19,12,'2405284'),(20,13,'2405284');
/*!40000 ALTER TABLE `tbl_refline` ENABLE KEYS */;
UNLOCK TABLES;

--
-- Table structure for table `tbl_reserve`
--

DROP TABLE IF EXISTS `tbl_reserve`;
/*!40101 SET @saved_cs_client     = @@character_set_client */;
/*!50503 SET character_set_client = utf8mb4 */;
CREATE TABLE `tbl_reserve` (
  `rsv_no` int NOT NULL AUTO_INCREMENT,
  `reserver_name` varchar(255) DEFAULT NULL,
  `reserver_id` varchar(255) DEFAULT NULL,
  `rsv_descr` varchar(255) DEFAULT NULL,
  `rsv_end_dttm` datetime(6) DEFAULT NULL,
  `rsv_start_dttm` datetime(6) DEFAULT NULL,
  `resources` int DEFAULT NULL,
  PRIMARY KEY (`rsv_no`),
  KEY `FKf1okk3jkcb5mdxc03k7q5m0pe` (`resources`),
  CONSTRAINT `FKf1okk3jkcb5mdxc03k7q5m0pe` FOREIGN KEY (`resources`) REFERENCES `tbl_resource` (`rsc_no`)
) ENGINE=InnoDB AUTO_INCREMENT=47 DEFAULT CHARSET=utf8mb4 COLLATE=utf8mb4_0900_ai_ci;
/*!40101 SET character_set_client = @saved_cs_client */;

--
-- Dumping data for table `tbl_reserve`
--

LOCK TABLES `tbl_reserve` WRITE;
/*!40000 ALTER TABLE `tbl_reserve` DISABLE KEYS */;
INSERT INTO `tbl_reserve` VALUES (13,'남윤진','2405953','dskljfaksjdfkljsdlkf','2024-06-01 04:03:00.000000','2024-06-01 01:03:00.000000',18),(14,'남윤진','2405953','',NULL,NULL,18),(15,'남윤진','2405953','sadfasdfsdfdf','2024-06-03 17:11:00.000000','2024-06-03 15:11:00.000000',18),(19,'남윤진','2405953','',NULL,NULL,18),(20,'남윤진','2405953','sdljkfsdlkjfjklsdljksdflkdsf','2024-05-30 10:20:00.000000','2024-05-30 08:00:00.000000',18),(22,'이후영','1','hjghjgjhghjh','2024-05-31 19:19:00.000000','2024-05-31 03:19:00.000000',18),(25,NULL,'5','ㅂㅇㅂㅇㅂㅇㅂ','2024-05-30 23:26:00.000000','2024-05-30 22:26:00.000000',18),(27,'이진우','3','안녕하세요','2024-05-30 10:16:00.000000','2024-05-30 09:16:00.000000',4),(28,'김현지','5','드라이브 용도','2024-05-30 12:17:00.000000','2024-05-30 11:19:00.000000',18),(32,'이후영','1','예약 테스트트트트트트트트트트트트트트트','2024-05-30 16:19:00.000000','2024-05-30 14:19:00.000000',18),(44,'박다은','2','외부 출장','2024-06-04 18:00:00.000000','2024-06-04 10:00:00.000000',19),(45,'이진우','3','평택 물류 창고','2024-06-05 15:00:00.000000','2024-06-04 07:30:00.000000',20);
/*!40000 ALTER TABLE `tbl_reserve` ENABLE KEYS */;
UNLOCK TABLES;

--
-- Table structure for table `tbl_resource`
--

DROP TABLE IF EXISTS `tbl_resource`;
/*!40101 SET @saved_cs_client     = @@character_set_client */;
/*!50503 SET character_set_client = utf8mb4 */;
CREATE TABLE `tbl_resource` (
  `rsc_no` int NOT NULL AUTO_INCREMENT,
  `rsc_cap` int NOT NULL,
  `rsc_category` varchar(255) NOT NULL,
  `rsc_descr` varchar(255) DEFAULT NULL,
  `rsc_info` varchar(255) NOT NULL,
  `rsc_is_available` bit(1) NOT NULL,
  `rsc_name` varchar(255) NOT NULL,
  PRIMARY KEY (`rsc_no`)
) ENGINE=InnoDB AUTO_INCREMENT=25 DEFAULT CHARSET=utf8mb4 COLLATE=utf8mb4_0900_ai_ci;
/*!40101 SET character_set_client = @saved_cs_client */;

--
-- Dumping data for table `tbl_resource`
--

LOCK TABLES `tbl_resource` WRITE;
/*!40000 ALTER TABLE `tbl_resource` DISABLE KEYS */;
INSERT INTO `tbl_resource` VALUES (4,5,'차량',NULL,'11가 1111',_binary '','차 A'),(5,5,'차량',NULL,'11나 2222',_binary '','차 B'),(6,8,'차량',NULL,'11다 3333',_binary '','차 C'),(18,3,'회의실',NULL,'7층 701호',_binary '','회의실 A'),(19,10,'회의실',NULL,'7층 702호',_binary '','회의실 B'),(20,10,'회의실',NULL,'7층 703호',_binary '','회의실 C'),(21,6,'회의실',NULL,'7층 704호',_binary '\0','회의실 D'),(22,5,'차량',NULL,'11라 4444',_binary '','차 D'),(24,6,'회의실','-','7층 1101호',_binary '','회의실 E');
/*!40000 ALTER TABLE `tbl_resource` ENABLE KEYS */;
UNLOCK TABLES;

--
-- Table structure for table `tbl_schedule`
--

DROP TABLE IF EXISTS `tbl_schedule`;
/*!40101 SET @saved_cs_client     = @@character_set_client */;
/*!50503 SET character_set_client = utf8mb4 */;
CREATE TABLE `tbl_schedule` (
  `skd_no` int NOT NULL AUTO_INCREMENT,
  `skd_end_dttm` varchar(255) DEFAULT NULL,
  `skd_location` varchar(255) DEFAULT NULL,
  `skd_memo` varchar(255) DEFAULT NULL,
  `skd_name` varchar(255) DEFAULT NULL,
  `skd_start_dttm` varchar(255) DEFAULT NULL,
  `dpt_no` int DEFAULT NULL,
  `author_id` varchar(255) DEFAULT NULL,
  `author_name` varchar(255) DEFAULT NULL,
  `skd_status` varchar(255) DEFAULT NULL,
  PRIMARY KEY (`skd_no`),
  KEY `FKisa3guli4yfguqogj4upn6bt1` (`dpt_no`),
  CONSTRAINT `FKisa3guli4yfguqogj4upn6bt1` FOREIGN KEY (`dpt_no`) REFERENCES `tbl_department` (`dpt_no`)
) ENGINE=InnoDB AUTO_INCREMENT=54 DEFAULT CHARSET=utf8mb4 COLLATE=utf8mb4_0900_ai_ci;
/*!40101 SET character_set_client = @saved_cs_client */;

--
-- Dumping data for table `tbl_schedule`
--

LOCK TABLES `tbl_schedule` WRITE;
/*!40000 ALTER TABLE `tbl_schedule` DISABLE KEYS */;
INSERT INTO `tbl_schedule` VALUES (1,'2024-05-27T17:46','롯데 공장','오레오 시리즈 17','오레오 과자 씬즈 출시','2024-05-27T13:45',1,NULL,NULL,NULL),(2,'2024-05-28T18:46','하이미디어','꼬칼콘 맛있어','꼬깔콘 과자 출시','2024-05-28T15:46',1,NULL,NULL,NULL),(3,'2024-05-31T23:47','일정 테스트','테스트','일정 등록 테스트','2024-05-30T14:46',1,NULL,NULL,NULL),(4,'2024-05-10T14:47','강남역 뉴발란스','사이즈 모두 출시','뉴발런스 모자 출시','2024-05-06T14:47',1,NULL,NULL,NULL),(5,'2024-05-27T17:00','하이미디어','테스트 1','일정 등록 테스트 1','2024-05-27T14:59',2,NULL,NULL,NULL),(6,'2024-05-29T18:00','집','메모','일정 등록 테스트 2','2024-05-29T17:00',2,NULL,NULL,NULL),(7,'2024-05-10T15:00','테스트','텟트','일정 등록 테스트 3','2024-05-06T15:00',2,NULL,NULL,NULL),(8,'2024-05-31T15:01','하이미디어','ㅌㅅㅌ','일정 등록 테스트 4','2024-05-30T15:01',2,NULL,NULL,NULL),(9,'2024-05-29 15:42','하이미디어 종로','좋은하루','집까지빠르게가기','2024-05-28T17:42',2,NULL,NULL,NULL),(10,'2024-05-30T11:13','하임디ㅣ어','등로게스트','안녕하세요','2024-05-29 11:11',2,'2','박다은','완료'),(16,'2024-05-25T12:34','ㅁㄴㅇㄹㄴㅇㄹ','ㄴㅁㅇㄹㄴㅁㅇㄹ','ㄴㅁ이ㅏ러ㅣㅏㅓㅁㄴ이라ㅓ니아란ㅇ','2024-05-14T12:34',3,'3','이진우','예정'),(19,'2024-05-10T20:43','하이미디어','오늘이 마지막 날','일정 테스트 크크크','2024-05-06T20:43',2,'2','박다은','예정'),(27,'2024-05-01T12:00','회의실','5월 회의 진행하였고 자료실에 회의록 남겨두었습니다.','월간 회의','2024-05-01T09:00',1,'2405953','남윤진','완료'),(28,'','','','','',1,'1','이후영','예정'),(29,'','','','','',1,'1','이후영','예정'),(30,'','','','','',1,'1','이후영','예정'),(32,'2024-05-31T18:00','회사','테스트 마지막 점검','배포 전 마지막 테스트','2024-05-27T08:00',1,'1','이후영','진행 중'),(33,'','','','','',1,'1','이후영','예정'),(34,'','ㅇ러ㅏㅣㄴ아라ㅣㅓㄴ이ㅏ','아ㅓㅣ린아ㅓㅇ리ㅏㅓㅣㅏ','','',1,'1','이후영','막힘'),(36,'2024-05-10T18:00','회의실','도메인 기반 엔티티 설계','엔티티 설계','2024-05-06T08:00',1,'1','이후영','완료'),(37,'2024-05-25T20:00','인왕산','팀 등산','개발팀 인왕산 등산','2024-05-25T08:00',1,'1','이후영','완료'),(38,'2024-06-15 04:25','하이미디어','메모','수정합니다','2024-05-24 04:24',5,'5','김현지','진행 중'),(40,'2024-05-15 18:00','신촌역 5번 출구','버스킹 구경','진행 중 일정 등록','2024-05-13 08:00',2,'2','박다은','진행 중'),(43,'2024-05-17T18:00','회사','인텔리제이 사용 만료일','인텔리제이 만료일','2024-05-17T08:00',1,'1','이후영','완료'),(44,'2024-06-04T13:50','하이미디어 종로','신입사원 교육','개발팀 신입사원 온보딩','2024-06-04T10:00',2,'2','박다은','예정'),(45,'2024-05-30T22:45','sadfsadf','sadfsdf','sdfsdfasdfsdf','2024-05-30T20:45',3,'3','이진우','진행 중'),(48,'2024-05-22T20:00','회의실','Rest API 설계','REST API 설계','2024-05-20T08:00',1,'1','이후영','완료'),(50,'2024-05-24T13:00','종로 하이미디어','회사 소개서 지참','신규 프로젝트 회의','2024-05-23T09:00',1,'1','이후영','보류'),(51,'2024-06-04T18:00','강남 주식회사 희락','회사 소개서 지참','외부 SI 미팅','2024-06-04T10:00',1,'1','이후영','예정'),(52,'2024-06-04T18:00','강남 회사','설계도, 준비물','강남 출장','2024-06-04T09:00',1,'1','이후영','예정'),(53,'2024-06-04T18:00','회의실','','개발팀 온보딩','2024-06-04T08:00',1,'1','이후영','예정');
/*!40000 ALTER TABLE `tbl_schedule` ENABLE KEYS */;
UNLOCK TABLES;
/*!40103 SET TIME_ZONE=@OLD_TIME_ZONE */;

/*!40101 SET SQL_MODE=@OLD_SQL_MODE */;
/*!40014 SET FOREIGN_KEY_CHECKS=@OLD_FOREIGN_KEY_CHECKS */;
/*!40014 SET UNIQUE_CHECKS=@OLD_UNIQUE_CHECKS */;
/*!40101 SET CHARACTER_SET_CLIENT=@OLD_CHARACTER_SET_CLIENT */;
/*!40101 SET CHARACTER_SET_RESULTS=@OLD_CHARACTER_SET_RESULTS */;
/*!40101 SET COLLATION_CONNECTION=@OLD_COLLATION_CONNECTION */;
/*!40111 SET SQL_NOTES=@OLD_SQL_NOTES */;

-- Dump completed on 2024-05-31 12:09:14
